Date,Open,High,Low,Close,Volume,Dividends,Stock_Splits
2020-01-01,232.36,235.54,228.07,233.1,55784489,0,0.0
2020-01-02,405.21,413.57,401.13,411.04,105573844,0,0.0
2020-01-03,339.6,352.76,325.96,332.67,118862335,0,0.0
2020-01-06,299.6,310.72,295.48,305.0,80034404,0,0.0
2020-01-07,166.81,179.01,162.37,171.88,58640858,0,0.0
2020-01-08,166.8,176.85,155.29,173.25,34553590,0,0.0
2020-01-09,137.43,147.97,130.41,146.32,84427484,0,0.0
2020-01-10,379.85,392.66,368.09,368.39,119150675,0,0.0
2020-01-13,300.33,304.45,298.88,302.63,80091864,0,0.0
2020-01-14,332.42,340.02,324.85,325.64,93058309,2,0.0
2020-01-15,126.18,129.89,125.19,127.77,27063550,0,0.0
2020-01-16,410.97,425.79,409.56,414.23,89409123,0,0.0
2020-01-17,369.73,383.92,356.09,364.63,21295425,0,0.0
2020-01-20,183.7,184.77,181.18,182.45,24472917,0,0.0
2020-01-21,174.55,185.28,166.33,178.1,17429151,0,0.0
2020-01-22,175.02,188.94,168.56,175.37,115705039,0,0.0
2020-01-23,211.27,214.39,205.73,212.08,79617617,0,0.0
2020-01-24,277.43,286.17,263.88,272.9,78808437,0,0.0
2020-01-27,249.58,263.35,248.76,249.76,29700387,0,0.0
2020-01-28,207.37,208.36,197.25,205.96,110943709,0,0.0
2020-01-29,303.56,314.17,289.09,296.26,87630316,0,0.0
2020-01-30,161.85,166.66,153.23,159.04,56505238,0,0.0
2020-01-31,207.64,221.54,193.56,212.74,107776481,0,0.0
2020-02-03,229.91,244.49,228.65,233.92,40492108,0,0.0
2020-02-04,256.82,271.01,250.25,251.42,85886205,0,0.0
2020-02-05,355.55,362.93,351.28,355.64,46278965,0,0.0
2020-02-06,179.9,192.9,168.8,191.56,57211548,0,0.0
2020-02-07,274.27,287.02,259.54,277.17,19585315,0,0.0
2020-02-10,297.72,302.85,293.5,299.78,62614485,0,0.0
2020-02-11,133.94,146.46,123.95,138.18,103862643,2,0.0
2020-02-12,302.26,303.3,298.89,299.77,83879267,0,0.0
2020-02-13,171.16,180.31,162.46,169.93,63291558,0,0.0
2020-02-14,139.52,143.36,132.29,140.6,89677234,0,0.0
2020-02-17,404.67,406.92,390.08,391.79,36706642,0,0.0
2020-02-18,409.69,411.31,400.37,403.41,114235365,0,0.0
2020-02-19,362.52,373.12,356.95,361.42,108551173,0,0.0
2020-02-20,211.38,216.81,209.23,212.5,15506995,0,0.0
2020-02-21,149.3,160.31,146.61,160.04,84294318,0,0.0
2020-02-24,325.27,326.72,321.5,321.85,54816526,0,0.0
2020-02-25,252.05,257.12,247.91,252.69,73259896,0,0.0
2020-02-26,156.61,164.93,143.78,147.57,84181587,0,0.0
2020-02-27,268.55,280.52,259.91,279.92,87336392,0,0.0
2020-02-28,130.32,135.44,122.23,123.73,76555999,0,0.0
2020-03-02,392.8,402.38,390.64,395.38,65897283,0,0.0
2020-03-03,197.63,210.98,184.66,204.08,65859057,0,0.0
2020-03-04,318.76,328.19,307.78,322.16,109455633,0,0.0
2020-03-05,213.51,217.39,212.03,214.3,75321284,0,0.0
2020-03-06,276.02,276.87,265.26,269.28,15287635,0,0.0
2020-03-09,284.01,297.13,275.63,284.18,15583510,0,0.0
2020-03-10,175.46,176.27,173.77,174.43,97467453,0,0.0
2020-03-11,410.88,424.06,403.73,407.9,31760394,1,0.0
2020-03-12,352.54,360.71,345.01,352.59,86831204,0,0.0
2020-03-13,401.85,415.97,398.95,403.52,98853589,3,0.0
2020-03-16,388.45,400.53,374.24,381.8,79513977,0,0.0
2020-03-17,299.37,314.34,286.55,304.8,30845187,0,0.0
2020-03-18,396.56,402.15,386.36,401.65,103665052,0,0.0
2020-03-19,146.55,158.17,139.35,150.71,105221867,0,0.0
2020-03-20,178.79,185.12,172.32,173.31,95443169,0,0.0
2020-03-23,133.57,141.03,123.63,124.95,117356777,0,0.0
2020-03-24,217.6,227.2,209.19,226.33,45186120,0,0.0
2020-03-25,236.6,249.77,235.2,239.53,34838558,0,0.0
2020-03-26,201.4,216.17,193.47,195.56,99486278,0,0.0
2020-03-27,368.62,380.26,356.43,370.71,116061187,0,0.0
2020-03-30,227.03,233.59,219.87,228.43,51635794,0,0.0
2020-03-31,204.28,210.89,203.03,208.13,70026153,0,0.0
2020-04-01,282.81,294.0,270.91,277.08,68979613,0,0.0
2020-04-02,162.28,166.24,158.86,158.97,49595998,0,0.0
2020-04-03,360.66,362.76,356.41,362.54,28627775,0,0.0
2020-04-06,142.37,148.01,139.48,141.62,65147490,0,0.0
2020-04-07,416.07,420.73,410.78,417.51,80743288,0,0.0
2020-04-08,351.67,356.47,340.2,351.7,45418772,0,0.0
2020-04-09,179.61,183.5,171.58,178.85,110999164,0,0.0
2020-04-10,121.66,122.77,118.19,119.62,70413150,0,0.0
2020-04-13,364.64,365.4,351.41,355.2,50173714,0,0.0
2020-04-14,332.06,346.88,318.81,335.59,85542942,0,0.0
2020-04-15,338.7,345.4,325.58,342.75,92332767,0,0.0
2020-04-16,351.38,357.45,347.42,356.92,36219187,0,0.0
2020-04-17,142.21,152.56,135.17,137.01,53405257,0,0.0
2020-04-20,227.54,231.2,212.76,215.62,106209857,0,0.0
2020-04-21,154.76,169.03,143.07,167.6,91384571,0,0.0
2020-04-22,378.93,390.83,378.04,387.46,54149527,0,0.0
2020-04-23,306.99,308.79,305.54,308.41,22438096,0,0.0
2020-04-24,219.27,225.82,212.04,214.83,18053407,0,0.0
2020-04-27,139.07,152.32,125.39,141.21,44311119,0,0.0
2020-04-28,213.29,227.49,204.98,220.76,100303311,0,0.0
2020-04-29,217.55,224.83,209.83,220.03,75251437,0,0.0
2020-04-30,338.88,348.27,336.85,341.51,116071270,0,0.0
2020-05-01,311.27,314.19,301.25,301.45,115385694,0,0.0
2020-05-04,386.16,401.03,373.74,389.65,21818922,0,0.0
2020-05-05,261.66,265.52,255.64,258.14,61270592,0,0.0
2020-05-06,155.88,170.05,144.13,155.8,32929098,0,0.0
2020-05-07,333.97,343.89,319.49,342.85,39895828,0,0.0
2020-05-08,348.24,357.55,344.79,349.88,55553798,0,0.0
2020-05-11,288.38,296.31,280.29,293.74,84580185,0,0.0
2020-05-12,351.29,355.13,346.63,348.23,116363566,0,0.0
2020-05-13,268.14,271.2,256.14,266.27,40256241,0,0.0
2020-05-14,276.82,280.52,267.94,280.23,30393675,0,0.0
2020-05-15,248.26,251.46,238.56,239.87,53177374,0,0.0
2020-05-18,127.63,139.43,115.56,115.76,24449168,0,0.0
2020-05-19,152.37,157.95,146.13,151.25,79052448,0,0.0
2020-05-20,129.43,130.77,115.66,117.06,115855754,0,0.0
2020-05-21,310.92,325.47,302.69,319.74,114698011,0,0.0
2020-05-22,214.31,227.62,211.52,226.24,47250847,0,0.0
2020-05-25,272.57,286.52,261.98,272.63,70050560,0,0.0
2020-05-26,392.27,407.2,380.27,387.24,113004955,0,0.0
2020-05-27,194.79,197.81,189.7,193.22,80985129,0,0.0
2020-05-28,243.11,249.36,230.18,244.06,58866822,0,0.0
2020-05-29,346.67,358.16,333.03,333.26,27998017,0,0.0
2020-06-01,188.64,199.23,184.12,193.03,52451369,0,0.0
2020-06-02,143.09,145.82,128.33,139.06,108683479,0,0.0
2020-06-03,206.93,219.26,204.39,213.87,64987331,0,0.0
2020-06-04,168.37,172.12,164.94,166.68,54052395,0,0.0
2020-06-05,398.91,402.66,395.74,400.68,19102553,0,0.0
2020-06-08,362.44,370.73,348.98,350.97,43266442,0,0.0
2020-06-09,310.02,319.12,300.03,303.83,59674343,0,0.0
2020-06-10,381.44,390.35,378.73,388.93,90543722,0,0.0
2020-06-11,361.1,362.93,354.22,360.65,28474284,0,0.0
2020-06-12,175.97,189.19,166.55,166.86,58293890,0,0.0
2020-06-15,387.77,392.12,386.06,387.57,65806795,0,0.0
2020-06-16,281.8,284.18,268.5,271.86,101903273,0,0.0
2020-06-17,362.23,375.62,350.08,357.0,77606106,0,0.0
2020-06-18,388.83,403.19,381.0,386.49,17112368,0,0.0
2020-06-19,215.4,228.4,200.88,202.6,42609269,0,0.0
2020-06-22,153.02,165.26,146.46,155.09,55373185,0,0.0
2020-06-23,188.38,198.38,173.61,191.76,82985200,0,0.0
2020-06-24,248.13,256.62,237.95,249.28,38213953,0,0.0
2020-06-25,365.4,367.16,355.7,363.41,70229755,0,0.0
2020-06-26,378.22,384.64,375.31,376.07,20782197,0,0.0
2020-06-29,122.09,127.99,108.8,127.06,112978397,0,0.0
2020-06-30,273.22,277.49,266.52,275.72,28317715,0,0.0
2020-07-01,245.22,256.21,242.37,253.51,94007515,0,0.0
2020-07-02,186.63,194.32,185.95,192.84,94806232,0,0.0
2020-07-03,155.96,157.64,147.34,156.95,93967903,0,0.0
2020-07-06,221.28,224.97,213.13,219.57,47308604,0,0.0
2020-07-07,402.87,413.28,391.94,396.21,35849083,0,0.0
2020-07-08,216.96,218.56,203.55,212.81,38888169,0,0.0
2020-07-09,275.64,288.48,273.99,284.75,77632743,0,0.0
2020-07-10,330.91,338.59,319.8,333.67,63617184,0,0.0
2020-07-13,229.09,236.56,225.87,231.44,16418060,0,0.0
2020-07-14,411.53,420.62,398.59,400.1,36005303,0,0.0
2020-07-15,408.73,421.19,396.35,405.57,19639022,0,0.0
2020-07-16,195.53,201.07,187.19,199.97,40657039,0,0.0
2020-07-17,269.17,279.5,258.37,270.72,67600341,3,0.0
2020-07-20,210.26,218.96,205.2,212.61,39465875,0,0.0
2020-07-21,205.45,209.82,198.12,201.27,74628273,0,0.0
2020-07-22,131.07,144.31,118.66,128.11,74042154,0,0.0
2020-07-23,302.87,314.93,295.71,312.92,99571418,0,0.0
2020-07-24,270.8,280.85,265.11,275.6,81147880,0,0.0
2020-07-27,135.44,148.27,127.77,143.91,56997785,0,0.0
2020-07-28,203.59,216.67,191.08,202.71,16683032,0,0.0
2020-07-29,392.48,403.25,387.12,397.29,112107265,0,5.0
2020-07-30,191.87,204.51,188.85,192.74,37009867,0,0.0
2020-07-31,163.47,174.08,152.65,167.77,98629479,1,0.0
2020-08-03,266.84,277.2,254.36,264.13,20954632,0,0.0
2020-08-04,415.7,425.17,413.74,418.8,73765512,0,0.0
2020-08-05,192.62,204.03,188.64,198.63,97028383,0,0.0
2020-08-06,321.64,324.44,319.08,324.1,51900577,0,0.0
2020-08-07,348.49,361.76,342.94,344.14,74972646,0,0.0
2020-08-10,191.29,204.43,184.26,200.9,42381819,0,0.0
2020-08-11,338.46,339.38,327.1,330.69,101536512,3,0.0
2020-08-12,230.33,242.8,220.39,230.34,86284146,0,0.0
2020-08-13,309.69,312.06,300.19,300.45,87564347,0,0.0
2020-08-14,310.06,315.42,304.45,307.75,38641763,0,0.0
2020-08-17,280.73,292.01,268.03,280.08,94015319,0,0.0
2020-08-18,147.09,149.92,139.76,140.33,117430709,0,0.0
2020-08-19,370.59,382.95,355.89,369.18,78058842,0,0.0
2020-08-20,216.23,228.8,206.53,227.18,51128129,0,0.0
2020-08-21,175.96,183.82,173.63,174.7,47532126,0,0.0
2020-08-24,132.23,132.82,121.93,130.25,119264248,0,0.0
2020-08-25,297.27,301.93,292.06,296.1,113286785,0,0.0
2020-08-26,323.27,332.72,312.82,325.86,97320668,0,0.0
2020-08-27,124.98,139.71,123.47,127.7,81075147,0,0.0
2020-08-28,273.63,283.29,270.59,272.62,76766811,0,0.0
2020-08-31,187.95,192.22,175.04,177.8,56450835,0,0.0
2020-09-01,313.55,323.24,309.76,310.71,21097020,0,0.0
2020-09-02,172.31,180.64,159.67,163.56,16196311,0,0.0
2020-09-03,327.28,339.09,322.73,333.6,96619860,0,0.0
2020-09-04,236.02,238.07,226.2,236.67,44609865,0,0.0
2020-09-07,401.02,412.55,390.45,408.44,81341485,0,0.0
2020-09-08,161.26,169.61,153.33,164.48,45760593,0,0.0
2020-09-09,222.32,236.78,217.39,219.53,25675927,0,0.0
2020-09-10,154.04,159.5,150.46,153.07,96416865,0,0.0
2020-09-11,397.41,407.08,396.43,399.73,62322239,0,0.0
2020-09-14,383.2,397.21,378.29,383.02,97716985,0,0.0
2020-09-15,197.38,199.37,187.41,193.57,16462603,2,0.0
2020-09-16,318.0,332.09,303.89,318.99,93518263,0,0.0
2020-09-17,365.17,375.64,352.04,360.46,48691077,0,0.0
2020-09-18,286.56,288.04,274.95,279.58,112511084,0,0.0
2020-09-21,278.9,283.76,266.97,280.88,66983779,0,0.0
2020-09-22,192.56,203.33,182.42,198.92,49741269,0,0.0
2020-09-23,147.93,149.41,143.66,145.43,30116926,0,0.0
2020-09-24,389.16,398.1,375.51,396.15,59378959,0,0.0
2020-09-25,390.13,395.65,379.9,394.91,65385335,0,0.0
2020-09-28,309.93,319.43,301.3,307.22,61992088,0,0.0
2020-09-29,221.71,222.87,219.6,220.76,101376352,0,0.0
2020-09-30,224.76,237.9,217.78,227.95,115429987,0,0.0
2020-10-01,337.79,352.41,330.61,351.13,104059475,0,0.0
2020-10-02,389.13,403.68,376.09,400.27,51183569,0,0.0
2020-10-05,386.13,397.5,377.7,379.73,95296229,0,0.0
2020-10-06,353.96,356.35,347.94,351.24,77595266,0,0.0
2020-10-07,312.61,324.1,297.95,312.42,30614614,0,0.0
2020-10-08,145.24,146.1,143.13,144.62,19776415,0,0.0
2020-10-09,168.49,169.31,161.86,163.3,42205484,0,0.0
2020-10-12,389.57,394.76,388.46,393.87,109294138,0,0.0
2020-10-13,301.93,309.52,290.7,303.44,97322831,0,0.0
2020-10-14,122.76,134.43,108.95,130.3,92468612,0,0.0
2020-10-15,150.44,160.85,145.88,158.74,38985603,0,0.0
2020-10-16,319.05,326.02,306.1,321.01,72223828,0,0.0
2020-10-19,121.52,125.99,116.78,120.83,52416039,0,0.0
2020-10-20,168.24,183.2,154.53,172.03,26917042,0,0.0
2020-10-21,284.62,291.3,273.19,276.09,35901606,0,0.0
2020-10-22,327.57,334.62,315.4,328.35,84765086,0,0.0
2020-10-23,315.59,318.46,314.83,315.48,63189133,0,0.0
2020-10-26,187.28,199.3,172.82,191.2,58070149,0,0.0
2020-10-27,333.65,344.21,322.61,327.57,62375247,0,0.0
2020-10-28,191.17,194.87,186.25,187.26,52821420,0,0.0
2020-10-29,217.62,219.31,205.09,207.44,25176828,0,0.0
2020-10-30,343.95,354.32,339.37,339.4,20459501,0,0.0
2020-11-02,314.89,324.88,301.74,318.37,56129759,0,0.0
2020-11-03,374.77,379.23,372.64,377.47,19013582,0,0.0
2020-11-04,317.28,331.57,306.58,319.45,17872875,0,0.0
2020-11-05,290.49,293.18,282.15,283.93,92327760,0,0.0
2020-11-06,148.1,154.87,146.2,146.92,96683112,0,0.0
2020-11-09,230.31,244.49,226.3,226.65,114513653,0,0.0
2020-11-10,199.56,206.15,198.88,200.08,67173294,0,0.0
2020-11-11,193.2,202.96,185.9,201.1,39747780,0,0.0
2020-11-12,411.9,418.17,407.03,409.72,56592940,0,0.0
2020-11-13,237.93,242.41,228.75,233.59,97743066,0,0.0
2020-11-16,387.61,402.38,382.8,384.86,100482326,0,0.0
2020-11-17,309.34,315.78,304.49,307.0,58762279,0,0.0
2020-11-18,358.44,371.9,347.16,360.01,45071551,0,0.0
2020-11-19,270.79,274.62,269.59,272.65,90303117,0,0.0
2020-11-20,293.07,296.66,279.48,283.7,84578794,0,0.0
2020-11-23,267.76,268.71,254.9,255.7,15131936,0,0.0
2020-11-24,178.57,188.52,168.39,176.26,73557684,0,0.0
2020-11-25,336.74,342.58,327.64,331.14,58922786,0,0.0
2020-11-26,204.23,217.26,190.79,196.6,70173904,0,0.0
2020-11-27,127.29,134.65,124.1,134.23,114242459,0,0.0
2020-11-30,313.64,328.18,311.99,321.97,34247186,0,0.0
2020-12-01,173.13,176.32,169.16,173.15,114718253,0,0.0
2020-12-02,402.14,415.24,390.12,400.56,70394229,0,0.0
2020-12-03,406.18,417.94,405.18,410.65,53866902,0,0.0
2020-12-04,394.46,406.14,385.51,396.67,26924255,0,0.0
2020-12-07,231.05,243.8,216.12,235.4,46785895,0,0.0
2020-12-08,124.64,136.17,111.73,128.89,98341196,0,0.0
2020-12-09,398.5,408.08,390.44,393.47,101464762,0,0.0
2020-12-10,248.46,250.86,247.04,248.95,62701715,0,0.0
2020-12-11,410.0,410.97,397.45,403.02,28936930,0,0.0
2020-12-14,409.09,422.94,399.9,419.96,117168196,0,0.0
2020-12-15,375.9,385.34,373.73,381.06,77110920,0,0.0
2020-12-16,208.33,220.38,206.47,213.88,108896476,0,0.0
2020-12-17,235.53,243.01,221.84,224.28,111878917,0,0.0
2020-12-18,375.34,377.54,365.14,372.65,90689368,0,0.0
2020-12-21,215.08,217.4,202.56,204.3,53837854,0,0.0
2020-12-22,170.85,181.29,157.6,165.59,36384981,0,0.0
2020-12-23,287.04,293.78,278.25,280.47,58026369,0,0.0
2020-12-24,400.85,404.26,392.85,400.75,72489324,0,0.0
2020-12-25,328.81,336.44,322.07,325.03,101266692,0,0.0
2020-12-28,291.02,292.45,285.92,288.48,73954235,0,0.0
2020-12-29,149.15,158.09,142.35,156.45,44969114,0,0.0
2020-12-30,304.5,308.9,292.78,296.07,107552792,0,0.0
2020-12-31,417.02,429.08,407.79,418.6,78993927,0,0.0
2021-01-01,162.03,167.03,148.59,156.32,20219574,0,0.0
2021-01-04,275.5,282.6,268.57,268.82,63521856,0,0.0
2021-01-05,383.21,383.88,373.91,381.81,25387155,0,0.0
2021-01-06,342.23,343.78,332.58,333.35,70901099,0,0.0
2021-01-07,329.1,335.29,320.02,327.26,27433238,0,0.0
2021-01-08,330.75,338.21,320.06,330.24,94622751,0,0.0
2021-01-11,227.85,237.05,223.91,232.17,103677962,0,0.0
2021-01-12,208.08,212.81,200.15,208.87,88971622,0,0.0
2021-01-13,362.81,373.39,360.8,363.99,94826926,0,0.0
2021-01-14,363.03,376.0,356.95,357.14,49550325,0,0.0
2021-01-15,380.12,391.93,372.55,386.57,43362071,0,0.0
2021-01-18,393.97,395.04,384.01,389.92,17670492,0,0.0
2021-01-19,273.4,280.87,259.12,277.31,29223887,0,0.0
2021-01-20,270.45,272.47,261.24,270.46,85086163,0,0.0
2021-01-21,359.49,363.5,348.21,361.1,101820397,0,0.0
2021-01-22,314.99,329.8,307.15,318.14,47329598,0,0.0
2021-01-25,330.59,333.16,320.9,324.99,77023737,0,0.0
2021-01-26,358.74,366.47,357.21,364.54,48119668,0,0.0
2021-01-27,387.0,396.46,382.81,388.97,39928384,0,0.0
2021-01-28,221.4,232.09,215.65,218.67,102126721,0,0.0
2021-01-29,232.67,241.28,225.32,238.97,84824412,0,0.0
2021-02-01,148.19,148.83,147.03,148.62,82887955,0,0.0
2021-02-02,293.48,298.71,290.95,294.57,26765788,0,0.0
2021-02-03,130.78,138.79,126.27,127.22,45725231,0,0.0
2021-02-04,259.68,261.45,245.09,251.43,50261362,0,0.0
2021-02-05,282.79,288.37,277.49,286.23,104853600,0,0.0
2021-02-08,205.96,206.94,198.47,206.11,46766658,0,0.0
2021-02-09,297.25,298.89,293.91,294.92,99850875,0,0.0
2021-02-10,129.15,135.41,119.79,120.84,29284450,0,0.0
2021-02-11,131.2,133.62,126.63,132.76,59526276,0,0.0
2021-02-12,366.78,375.51,363.28,368.04,83687322,0,0.0
2021-02-15,228.06,238.56,220.07,230.09,40435339,0,0.0
2021-02-16,158.12,170.23,157.54,169.82,58563219,0,0.0
2021-02-17,276.67,280.07,276.06,276.33,71313452,0,0.0
2021-02-18,351.0,353.93,347.32,351.61,43963091,0,0.0
2021-02-19,184.75,186.77,183.72,183.95,29912584,0,0.0
2021-02-22,306.87,316.6,304.8,309.23,113121382,0,0.0
2021-02-23,145.6,156.34,140.19,153.17,99558066,0,0.0
2021-02-24,135.5,136.46,123.36,129.04,64388645,0,0.0
2021-02-25,279.41,293.49,270.62,293.43,89954636,0,0.0
2021-02-26,282.19,283.44,274.26,279.39,90156920,0,0.0
2021-03-01,311.23,319.58,306.47,310.68,29136405,0,0.0
2021-03-02,337.83,348.61,323.82,329.28,38767091,0,0.0
2021-03-03,412.76,425.89,406.5,413.3,115092014,0,0.0
2021-03-04,274.89,285.74,273.13,277.83,115313012,0,0.0
2021-03-05,216.89,229.02,207.44,208.92,80534828,0,0.0
2021-03-08,358.56,363.98,356.41,359.21,41668885,0,0.0
2021-03-09,201.25,213.56,195.74,204.01,74233322,2,0.0
2021-03-10,251.69,253.35,243.83,250.71,52562578,0,0.0
2021-03-11,143.54,157.01,130.36,147.86,46281095,0,0.0
2021-03-12,127.61,136.05,119.95,131.36,17361331,0,0.0
2021-03-15,408.79,421.14,398.11,398.3,100044423,0,0.0
2021-03-16,370.79,377.85,355.89,360.67,116204825,0,0.0
2021-03-17,328.79,338.62,326.38,334.48,76394671,0,0.0
2021-03-18,242.69,250.82,238.21,244.31,19348530,0,0.0
2021-03-19,171.99,183.1,165.77,165.86,56837593,0,0.0
2021-03-22,166.93,168.61,160.31,166.99,87265622,0,0.0
2021-03-23,195.07,196.45,188.61,194.67,114057962,0,0.0
2021-03-24,284.77,288.85,271.11,280.84,58484059,0,0.0
2021-03-25,334.38,337.19,323.53,324.44,107393608,0,0.0
2021-03-26,318.06,331.2,308.75,325.96,116069843,0,0.0
2021-03-29,203.98,207.66,198.99,204.05,100543663,0,0.0
2021-03-30,406.46,421.11,394.02,415.2,65394662,0,0.0
2021-03-31,341.37,346.75,327.02,341.85,43875186,0,0.0
2021-04-01,286.31,289.45,273.9,286.39,114160843,0,0.0
2021-04-02,303.52,315.47,303.0,309.46,38254222,0,0.0
2021-04-05,245.88,255.93,236.15,238.93,71242142,0,0.0
2021-04-06,194.32,202.04,193.08,199.09,33012598,0,0.0
2021-04-07,226.79,235.34,222.55,230.49,79384973,0,0.0
2021-04-08,347.35,358.28,345.99,355.11,87337162,0,0.0
2021-04-09,124.32,128.13,115.06,117.28,69864537,0,0.0
2021-04-12,154.82,169.77,144.36,149.31,76912105,0,0.0
2021-04-13,133.8,148.43,131.64,146.59,47502170,0,0.0
2021-04-14,132.22,142.15,126.15,138.15,59362533,0,0.0
2021-04-15,376.64,380.03,369.52,379.07,114699297,0,0.0
2021-04-16,331.1,341.46,325.25,337.55,108572370,0,0.0
2021-04-19,262.25,263.8,260.0,262.27,22775679,0,0.0
2021-04-20,149.35,150.29,142.78,147.69,118795589,0,0.0
2021-04-21,267.48,271.72,256.09,269.99,24929645,0,0.0
2021-04-22,262.04,269.25,260.51,265.57,35809587,0,0.0
2021-04-23,171.96,185.05,170.3,179.63,100417897,0,0.0
2021-04-26,250.16,261.2,244.52,247.13,113506304,0,0.0
2021-04-27,239.55,250.82,225.39,237.44,50569506,0,0.0
2021-04-28,304.76,311.43,294.57,306.65,73077511,0,0.0
2021-04-29,310.53,316.05,300.19,304.49,103606138,0,0.0
2021-04-30,133.59,139.47,127.84,130.19,60905971,0,0.0
2021-05-03,232.38,247.2,223.27,230.78,64270645,0,0.0
2021-05-04,307.76,308.84,307.11,307.53,95037806,0,0.0
2021-05-05,270.94,284.01,261.22,266.12,105505591,0,0.0
2021-05-06,376.95,385.84,363.21,372.82,67134150,0,0.0
2021-05-07,317.61,324.47,308.23,322.97,83571402,0,0.0
2021-05-10,168.88,179.9,155.71,167.98,21379878,0,0.0
2021-05-11,141.17,148.73,130.17,133.66,25463128,0,0.0
2021-05-12,312.73,325.89,310.48,311.67,70541643,0,0.0
2021-05-13,127.95,141.51,114.36,133.26,76152921,0,0.0
2021-05-14,295.73,302.34,294.27,297.36,102820133,0,0.0
2021-05-17,402.07,406.58,393.83,404.31,78872938,0,0.0
2021-05-18,292.64,301.73,290.08,297.76,32509938,0,0.0
2021-05-19,236.45,250.18,235.78,247.25,36857908,0,0.0
2021-05-20,312.99,316.54,306.37,309.14,104911341,0,0.0
2021-05-21,257.48,267.01,252.7,262.61,73576692,0,0.0
2021-05-24,283.69,293.35,276.14,280.68,29058071,0,0.0
2021-05-25,402.44,413.57,393.57,412.35,91698319,0,0.0
2021-05-26,235.83,238.24,234.7,236.95,42616524,0,0.0
2021-05-27,408.36,419.24,406.08,410.35,85984280,0,0.0
2021-05-28,391.61,405.29,383.01,389.01,103924540,0,0.0
2021-05-31,178.74,181.85,173.26,174.9,77738549,0,0.0
2021-06-01,140.81,144.75,129.74,140.17,108490741,0,0.0
2021-06-02,150.23,164.82,140.27,145.64,95969656,0,0.0
2021-06-03,125.47,128.59,112.71,122.16,98377781,0,0.0
2021-06-04,148.33,161.22,137.79,143.99,28398275,0,0.0
2021-06-07,324.9,332.54,318.17,327.68,104924682,0,0.0
2021-06-08,141.36,145.44,131.1,142.79,119764895,0,0.0
2021-06-09,215.69,228.82,211.2,224.91,41859824,0,0.0
2021-06-10,373.46,380.42,368.52,377.57,100276678,0,0.0
2021-06-11,126.98,134.94,115.04,118.78,86655789,0,0.0
2021-06-14,364.34,370.05,357.37,358.49,40897482,0,0.0
2021-06-15,204.56,213.66,192.48,207.28,97556904,0,0.0
2021-06-16,155.45,158.32,143.02,148.66,18775702,0,0.0
2021-06-17,329.02,335.19,316.09,324.35,52644716,0,0.0
2021-06-18,308.68,323.24,294.89,295.77,38547377,0,0.0
2021-06-21,383.24,387.48,376.49,379.34,109674459,0,0.0
2021-06-22,340.52,350.54,335.4,335.91,89007274,0,0.0
2021-06-23,361.04,366.26,352.1,364.55,17455918,0,0.0
2021-06-24,204.61,216.33,198.73,203.01,23053048,0,0.0
2021-06-25,173.23,175.63,164.01,170.49,27194329,0,0.0
2021-06-28,345.18,359.74,334.45,335.44,29042008,0,0.0
2021-06-29,362.05,369.13,351.57,363.28,76086560,0,0.0
2021-06-30,417.15,421.07,411.22,414.4,40476259,0,0.0
2021-07-01,243.79,245.36,240.87,244.9,57101517,0,0.0
2021-07-02,231.61,234.57,224.87,233.48,39365389,0,0.0
2021-07-05,352.92,360.96,350.35,353.8,22955229,0,0.0
2021-07-06,222.24,227.63,208.83,225.77,69062018,0,0.0
2021-07-07,399.23,411.75,393.71,411.68,76158095,0,0.0
2021-07-08,377.52,384.27,374.78,382.61,102574253,0,0.0
2021-07-09,248.7,252.81,247.83,252.04,62152541,0,0.0
2021-07-12,345.26,354.71,335.4,340.21,30239667,0,0.0
2021-07-13,346.36,357.11,336.62,348.44,106895886,0,0.0
2021-07-14,150.94,153.86,145.5,146.06,77648941,0,0.0
2021-07-15,390.77,393.7,389.23,389.65,50534839,0,0.0
2021-07-16,271.58,272.61,265.14,272.6,88252056,0,0.0
2021-07-19,367.94,379.12,362.93,368.22,51832178,0,0.0
2021-07-20,216.01,226.14,205.69,220.99,15801125,0,0.0
2021-07-21,388.66,396.04,379.38,392.82,67718185,0,0.0
2021-07-22,236.76,249.5,230.97,246.87,101884858,0,0.0
2021-07-23,123.25,135.43,119.59,135.39,29775854,0,0.0
2021-07-26,391.61,400.6,376.78,382.53,112402036,0,0.0
2021-07-27,147.39,160.48,140.31,141.12,34470911,0,0.0
2021-07-28,215.79,219.27,205.31,211.05,100654773,0,0.0
2021-07-29,405.02,407.14,402.48,403.09,114786995,0,0.0
2021-07-30,405.18,409.59,397.64,397.91,109265849,0,0.0
2021-08-02,292.03,293.36,291.13,291.93,91807487,0,0.0
2021-08-03,309.55,317.75,301.72,314.28,20254230,0,0.0
2021-08-04,254.53,268.61,240.05,256.22,52411032,0,0.0
2021-08-05,207.96,209.03,201.89,204.12,27901865,0,0.0
2021-08-06,218.6,220.87,217.53,219.72,65433542,0,0.0
2021-08-09,321.76,328.82,320.81,322.67,117071573,0,0.0
2021-08-10,345.71,359.75,339.58,339.87,59476240,0,0.0
2021-08-11,357.47,362.55,354.65,360.69,88297617,0,0.0
2021-08-12,356.89,364.74,356.05,361.47,58547632,0,0.0
2021-08-13,147.36,148.46,135.89,145.47,119231241,0,0.0
2021-08-16,268.33,270.98,261.18,261.56,52221001,0,0.0
2021-08-17,137.27,152.08,132.58,148.9,68560760,0,0.0
2021-08-18,284.86,299.35,271.31,288.68,49603398,0,0.0
2021-08-19,252.46,253.03,250.28,251.83,97620796,0,0.0
2021-08-20,386.31,400.61,371.95,389.85,89984753,0,0.0
2021-08-23,225.27,235.04,220.22,233.03,119880090,0,0.0
2021-08-24,155.12,168.2,141.74,157.27,84198496,0,0.0
2021-08-25,162.9,169.99,153.66,163.15,22834112,0,0.0
2021-08-26,348.45,356.43,335.96,356.24,42006699,0,0.0
2021-08-27,305.47,313.06,290.7,307.62,86908276,0,0.0
2021-08-30,150.34,160.51,145.66,152.23,98199163,0,0.0
2021-08-31,145.23,147.75,130.79,142.79,42534241,0,0.0
2021-09-01,330.29,331.22,324.14,326.9,44361667,0,0.0
2021-09-02,141.83,146.79,135.74,138.27,82068816,0,0.0
2021-09-03,366.56,377.28,361.12,370.77,106615658,0,0.0
2021-09-06,331.87,335.3,323.52,334.45,60949429,0,0.0
2021-09-07,144.4,154.66,141.66,153.74,105693120,0,0.0
2021-09-08,145.45,160.01,136.92,144.81,61016582,0,0.0
2021-09-09,415.99,417.85,407.64,413.03,21355421,0,0.0
2021-09-10,232.28,242.53,220.73,225.34,100449905,0,0.0
2021-09-13,231.19,238.12,218.6,238.03,35805820,0,0.0
2021-09-14,363.84,376.93,356.95,376.55,77198050,0,0.0
2021-09-15,404.17,407.24,399.29,404.45,112615367,0,0.0
2021-09-16,415.8,426.34,411.54,423.45,22433980,0,0.0
2021-09-17,346.01,358.66,342.69,354.11,33301847,0,0.0
2021-09-20,232.88,247.08,231.54,240.76,108466578,0,0.0
2021-09-21,145.05,155.46,139.58,140.43,76065507,0,0.0
2021-09-22,353.14,360.85,348.72,354.24,53778801,0,0.0
2021-09-23,287.52,296.98,273.01,289.18,87070778,0,0.0
2021-09-24,247.27,260.37,238.68,253.38,110098666,0,0.0
2021-09-27,391.91,400.68,386.37,391.71,29390554,2,0.0
2021-09-28,153.36,154.3,144.44,153.73,22595853,0,0.0
2021-09-29,267.79,281.79,265.27,268.03,115331896,0,0.0
2021-09-30,123.41,133.91,116.47,125.2,106537041,0,0.0
2021-10-01,260.6,270.91,251.02,264.76,83015259,0,0.0
2021-10-04,136.89,140.52,129.3,137.12,79750075,0,0.0
2021-10-05,155.65,165.7,149.32,159.94,31188828,0,0.0
2021-10-06,155.26,161.47,140.35,146.16,94325711,0,0.0
2021-10-07,314.76,324.7,301.5,305.12,23288515,0,0.0
2021-10-08,343.81,345.86,334.27,341.64,103691108,0,0.0
2021-10-11,295.01,305.05,286.25,297.52,92805072,0,0.0
2021-10-12,408.65,423.64,399.15,403.54,116633574,0,0.0
2021-10-13,232.46,233.66,229.04,232.3,23884527,0,0.0
2021-10-14,205.71,220.38,199.48,208.99,43447661,0,0.0
2021-10-15,380.58,386.98,379.51,384.5,37048729,0,0.0
2021-10-18,187.08,200.21,179.68,196.87,20005231,0,0.0
2021-10-19,408.97,420.81,400.6,404.03,118611430,0,0.0
2021-10-20,123.65,132.37,119.85,120.09,25698216,0,0.0
2021-10-21,410.96,422.17,396.48,416.5,83456067,0,0.0
2021-10-22,132.95,146.19,119.26,135.68,71998429,0,0.0
2021-10-25,387.34,393.7,376.37,388.49,90964061,0,0.0
2021-10-26,278.31,283.55,270.08,281.37,25781973,3,0.0
2021-10-27,417.89,428.07,404.78,423.48,49741450,0,0.0
2021-10-28,142.14,154.35,139.75,153.78,58635777,0,0.0
2021-10-29,286.16,297.71,274.2,286.8,36874795,0,0.0
2021-11-01,410.79,422.86,408.48,415.5,55966411,0,0.0
2021-11-02,276.93,283.75,264.91,272.48,84376221,0,0.0
2021-11-03,308.82,321.18,304.32,306.91,83908835,0,0.0
2021-11-04,328.72,330.96,315.5,324.35,24532945,0,0.0
2021-11-05,256.36,264.76,242.17,248.43,48059070,0,0.0
2021-11-08,308.27,308.85,305.61,308.6,29517702,0,0.0
2021-11-09,295.29,300.5,288.08,295.32,110525116,0,0.0
2021-11-10,390.35,396.16,375.63,387.8,60525374,0,0.0
2021-11-11,133.63,139.87,126.12,131.0,15573881,0,0.0
2021-11-12,204.29,214.87,191.27,192.5,96602393,0,0.0
2021-11-15,405.12,411.25,396.08,396.56,24407062,0,0.0
2021-11-16,387.08,394.09,381.14,386.62,71628313,0,0.0
2021-11-17,256.7,260.64,252.06,252.79,104779948,0,0.0
2021-11-18,306.04,311.95,302.59,308.27,97188677,0,0.0
2021-11-19,203.21,207.01,191.66,205.18,29242373,0,0.0
2021-11-22,176.44,178.0,170.34,177.1,56163819,0,0.0
2021-11-23,259.11,268.36,251.2,262.51,53807239,0,0.0
2021-11-24,226.01,236.2,218.37,222.14,102764631,0,0.0
2021-11-25,295.1,304.58,286.23,302.07,18301394,0,0.0
2021-11-26,143.32,150.54,130.27,148.23,84936228,0,0.0
2021-11-29,412.32,418.33,397.6,401.68,85463377,0,0.0
2021-11-30,415.86,428.88,409.45,423.78,92933150,0,0.0
2021-12-01,329.45,337.48,316.95,322.83,60069853,0,0.0
2021-12-02,280.83,288.28,269.24,284.52,83722424,0,0.0
2021-12-03,212.86,213.73,204.04,213.7,101179753,0,0.0
2021-12-06,364.14,369.59,349.78,350.37,68807136,0,0.0
2021-12-07,325.42,331.43,322.01,330.46,118684041,0,0.0
2021-12-08,168.79,175.07,166.71,171.92,35080139,0,0.0
2021-12-09,393.28,402.19,380.4,401.61,70975541,0,0.0
2021-12-10,366.76,375.0,359.89,366.92,118859037,0,0.0
2021-12-13,404.94,414.25,392.16,410.88,109773402,0,0.0
2021-12-14,337.72,349.31,324.27,325.83,74147144,0,0.0
2021-12-15,304.02,316.31,302.61,307.2,116499284,0,0.0
2021-12-16,245.47,256.38,232.16,233.78,70436107,0,0.0
2021-12-17,399.82,414.18,392.82,413.65,23103670,0,0.0
2021-12-20,379.82,380.58,371.92,378.99,49104860,0,0.0
2021-12-21,133.57,136.91,123.98,135.0,33866922,0,0.0
2021-12-22,127.91,128.52,113.98,127.62,45836413,0,0.0
2021-12-23,232.94,242.83,232.16,233.07,48467508,0,0.0
2021-12-24,363.17,376.69,355.76,363.83,25117390,0,0.0
2021-12-27,416.18,420.21,405.71,406.74,86414529,0,0.0
2021-12-28,165.13,179.07,154.15,159.4,96417907,0,0.0
2021-12-29,298.24,299.61,287.7,290.43,118552486,0,0.0
2021-12-30,234.27,248.32,231.82,239.56,40562996,0,0.0
2021-12-31,410.97,416.57,406.13,408.93,112534123,0,0.0
2022-01-03,372.64,374.61,366.94,367.71,115138933,0,0.0
2022-01-04,371.5,379.05,359.34,362.64,24003281,0,0.0
2022-01-05,260.61,264.83,256.07,257.36,39529154,0,0.0
2022-01-06,244.45,249.08,240.89,248.86,22660678,0,0.0
2022-01-07,202.02,206.98,187.64,202.32,108765329,3,0.0
2022-01-10,136.91,149.05,136.28,148.64,50284715,0,0.0
2022-01-11,379.42,387.74,364.45,374.69,24142693,0,0.0
2022-01-12,363.87,368.88,353.56,357.82,36807008,0,0.0
2022-01-13,419.92,429.27,407.41,424.86,113236779,0,0.0
2022-01-14,418.99,429.87,414.22,419.33,88498554,0,0.0
2022-01-17,286.63,291.08,285.92,287.46,55320606,0,0.0
2022-01-18,350.7,357.2,339.5,343.62,49306425,0,0.0
2022-01-19,403.43,405.7,390.83,392.76,30678986,2,0.0
2022-01-20,374.89,378.02,363.65,367.34,74445827,0,0.0
2022-01-21,194.2,204.58,191.63,196.23,66159930,0,0.0
2022-01-24,255.16,258.29,243.74,253.55,77155971,0,0.0
2022-01-25,158.75,166.86,147.1,148.34,55170352,0,0.0
2022-01-26,406.22,417.0,396.17,400.55,30234145,0,0.0
2022-01-27,301.85,303.9,290.24,301.29,94600220,0,0.0
2022-01-28,188.59,197.32,175.82,178.98,39090583,0,0.0
2022-01-31,321.51,325.73,312.11,316.78,115661269,0,0.0
2022-02-01,305.44,319.9,303.66,317.7,72691307,0,0.0
2022-02-02,227.45,234.96,219.88,222.22,42740293,0,0.0
2022-02-03,154.07,166.26,152.44,153.58,28552664,0,0.0
2022-02-04,321.47,329.95,315.06,322.27,48872374,0,0.0
2022-02-07,276.09,277.22,269.69,271.97,35671672,1,0.0
2022-02-08,351.7,361.38,350.24,356.52,77565460,0,0.0
2022-02-09,276.05,290.35,270.49,286.45,48891894,0,0.0
2022-02-10,375.65,384.87,373.54,375.09,102814287,0,0.0
2022-02-11,285.57,297.95,273.35,287.64,111819038,0,0.0
2022-02-14,288.28,301.6,274.04,287.97,57364813,0,0.0
2022-02-15,383.0,386.81,381.45,382.22,50985062,0,0.0
2022-02-16,241.04,244.61,226.69,237.87,63702875,0,0.0
2022-02-17,160.2,169.56,152.12,156.89,53117599,0,0.0
2022-02-18,128.63,135.09,123.79,129.3,22463131,0,0.0
2022-02-21,346.54,359.22,344.93,346.11,76550770,0,0.0
2022-02-22,306.09,319.64,298.33,308.12,17795126,3,0.0
2022-02-23,331.22,336.84,319.2,324.61,56169328,0,0.0
2022-02-24,183.89,187.82,173.14,185.21,54117064,0,0.0
2022-02-25,160.91,172.73,159.68,160.42,105284985,0,0.0
2022-02-28,124.36,128.84,122.8,125.33,45535317,0,0.0
2022-03-01,225.18,237.61,218.84,227.44,68059012,0,0.0
2022-03-02,296.98,303.62,292.2,300.48,60566678,0,0.0
2022-03-03,237.67,247.85,233.8,241.87,42883716,0,0.0
2022-03-04,251.24,253.13,246.67,250.98,73807849,0,0.0
2022-03-07,391.25,400.8,379.1,395.96,24079860,0,0.0
2022-03-08,224.48,231.53,210.51,228.63,115508127,0,0.0
2022-03-09,274.2,283.21,267.83,272.66,49456905,0,0.0
2022-03-10,355.1,358.04,341.46,350.38,65457850,0,0.0
2022-03-11,238.96,250.14,233.8,247.53,59117798,0,0.0
2022-03-14,306.63,319.64,299.22,319.42,90616014,0,0.0
2022-03-15,378.71,382.35,374.93,381.53,16417158,0,0.0
2022-03-16,404.86,406.75,395.07,399.41,33613148,0,0.0
2022-03-17,164.12,164.96,149.42,152.45,68004410,0,0.0
2022-03-18,397.98,407.79,388.73,398.06,45566254,0,0.0
2022-03-21,267.63,276.93,261.94,273.06,92141378,0,0.0
2022-03-22,197.47,205.9,187.58,196.6,116118729,0,0.0
2022-03-23,257.74,261.6,255.46,258.43,78539547,0,0.0
2022-03-24,414.01,420.18,400.62,417.02,65281422,0,0.0
2022-03-25,267.79,276.91,260.0,266.11,33292770,0,0.0
2022-03-28,218.63,226.33,211.61,224.27,100470725,0,0.0
2022-03-29,310.02,324.84,301.02,310.71,58390347,0,0.0
2022-03-30,192.04,194.52,182.48,186.43,112897070,0,0.0
2022-03-31,142.76,153.34,141.22,146.72,62484197,0,0.0
2022-04-01,158.66,165.02,148.26,161.04,65283084,0,0.0
2022-04-04,158.41,165.12,154.4,155.75,79060764,0,0.0
2022-04-05,165.57,176.48,154.72,158.99,77467218,0,0.0
2022-04-06,161.65,172.19,149.22,171.07,51785218,0,0.0
2022-04-07,312.26,327.13,300.1,304.84,48432455,0,0.0
2022-04-08,174.56,176.92,166.05,172.22,103562183,0,0.0
2022-04-11,223.7,225.71,215.66,221.48,43616825,0,0.0
2022-04-12,389.04,400.04,386.47,393.11,102302483,0,0.0
2022-04-13,262.19,271.08,250.45,263.75,39416430,0,0.0
2022-04-14,320.27,324.75,315.83,317.88,39467331,0,0.0
2022-04-15,171.7,173.35,164.0,169.17,46499954,0,0.0
2022-04-18,177.69,179.43,173.07,175.44,52175852,0,0.0
2022-04-19,132.26,145.73,129.82,140.35,109663815,0,0.0
2022-04-20,170.68,173.96,161.05,162.87,63815958,0,0.0
2022-04-21,203.58,208.77,202.29,205.99,102829519,0,0.0
2022-04-22,173.1,176.89,161.74,164.55,30111500,0,0.0
2022-04-25,146.61,152.26,141.5,144.5,28028847,0,0.0
2022-04-26,156.19,157.7,155.69,156.13,76597704,0,0.0
2022-04-27,258.23,266.26,250.32,253.23,49806093,0,0.0
2022-04-28,181.9,183.38,180.72,182.92,110739212,0,0.0
2022-04-29,229.28,241.39,224.78,229.53,100000180,0,0.0
2022-05-02,271.03,274.92,260.28,273.85,89925048,0,0.0
2022-05-03,327.12,335.45,325.71,335.16,63503110,0,0.0
2022-05-04,131.79,145.05,119.12,133.93,33286606,0,0.0
2022-05-05,359.82,369.76,359.26,360.76,70043685,0,0.0
2022-05-06,308.37,316.6,304.29,308.9,57258657,0,0.0
2022-05-09,144.53,149.73,133.29,146.4,58036055,0,0.0
2022-05-10,382.07,387.4,376.98,380.81,103356836,0,0.0
2022-05-11,396.26,406.47,394.28,395.34,73811819,0,0.0
2022-05-12,138.32,153.24,132.6,144.09,76569024,0,0.0
2022-05-13,203.06,213.16,198.64,210.91,91843273,0,0.0
2022-05-16,361.86,370.45,349.14,366.1,51382186,0,0.0
2022-05-17,344.48,355.57,339.44,342.26,87062663,0,0.0
2022-05-18,175.36,182.61,163.42,176.33,80981367,3,0.0
2022-05-19,182.8,184.17,169.37,172.63,75411248,0,0.0
2022-05-20,231.14,239.79,224.35,227.72,78082456,0,0.0
2022-05-23,265.36,279.75,251.67,276.21,73570763,0,0.0
2022-05-24,305.48,308.52,299.51,301.76,80633624,0,0.0
2022-05-25,230.67,241.18,216.19,222.77,23351184,0,0.0
2022-05-26,258.76,262.17,256.97,256.97,80431227,0,0.0
2022-05-27,344.24,352.51,333.78,350.09,44025773,0,0.0
2022-05-30,131.0,132.9,123.34,130.92,94721839,0,0.0
2022-05-31,195.73,202.76,189.61,197.86,119402765,0,0.0
2022-06-01,334.0,345.46,324.33,340.18,57197411,0,0.0
2022-06-02,388.56,394.1,377.85,380.32,76803384,0,0.0
2022-06-03,273.5,283.64,272.94,277.84,104143466,0,0.0
2022-06-06,279.63,291.66,276.71,281.96,28856901,0,0.0
2022-06-07,152.15,166.09,141.31,143.63,58105220,0,0.0
2022-06-08,254.22,258.12,244.06,250.89,64309098,0,0.0
2022-06-09,279.79,286.08,265.28,284.43,82529752,0,0.0
2022-06-10,192.74,195.45,181.2,181.77,90404817,0,0.0
2022-06-13,200.77,215.66,186.48,194.98,108637821,0,0.0
2022-06-14,233.19,247.13,222.5,227.61,45663820,1,0.0
2022-06-15,126.02,134.35,121.2,124.33,115853581,0,0.0
2022-06-16,216.62,229.33,214.59,227.98,34973915,0,0.0
2022-06-17,183.43,191.48,171.59,180.9,76237905,0,0.0
2022-06-20,218.25,227.79,208.41,217.45,84319994,0,0.0
2022-06-21,155.93,157.72,154.73,157.0,32984955,0,0.0
2022-06-22,387.16,398.61,381.44,384.09,73508606,0,0.0
2022-06-23,298.08,300.43,283.71,291.86,75921272,0,0.0
2022-06-24,323.73,336.21,315.97,324.67,118791707,0,0.0
2022-06-27,356.75,368.59,349.98,361.09,87239282,0,0.0
2022-06-28,269.53,280.31,262.39,280.3,95086071,0,0.0
2022-06-29,146.08,147.1,142.55,146.05,34494042,0,0.0
2022-06-30,281.13,286.03,275.28,279.56,83597407,0,0.0
2022-07-01,296.05,300.37,290.19,298.61,104739374,0,0.0
2022-07-04,343.63,349.35,342.37,343.56,46905928,0,0.0
2022-07-05,249.5,251.27,237.87,238.28,54483623,0,0.0
2022-07-06,158.27,172.36,151.73,155.95,118100883,0,0.0
2022-07-07,205.13,213.66,192.71,199.84,88525979,0,0.0
2022-07-08,228.92,233.85,216.09,225.16,113232800,0,0.0
2022-07-11,313.78,320.04,310.21,316.26,110427651,0,0.0
2022-07-12,291.23,298.21,281.2,296.69,104473837,0,0.0
2022-07-13,226.83,236.04,219.48,227.92,99997368,0,0.0
2022-07-14,415.95,423.93,402.69,413.34,35075489,0,0.0
2022-07-15,301.73,315.56,298.1,298.98,58714543,0,0.0
2022-07-18,191.17,198.88,180.84,181.47,97551106,0,0.0
2022-07-19,150.53,165.42,141.22,154.56,39093575,0,0.0
2022-07-20,165.86,178.71,161.08,168.81,94947269,0,0.0
2022-07-21,193.79,197.31,191.31,196.35,57547151,0,0.0
2022-07-22,168.2,182.19,158.25,162.1,27299695,0,0.0
2022-07-25,175.97,178.16,164.76,165.09,105209766,0,0.0
2022-07-26,205.53,217.88,200.45,208.28,92941341,0,0.0
2022-07-27,172.01,178.03,162.16,165.93,108022636,0,0.0
2022-07-28,389.03,402.26,382.8,383.77,93056716,2,0.0
2022-07-29,144.07,157.16,133.23,150.57,71925892,0,0.0
2022-08-01,277.35,289.54,273.96,275.7,28811224,0,0.0
2022-08-02,243.12,255.08,229.71,245.14,99717715,0,0.0
2022-08-03,414.71,419.63,410.04,412.74,112846389,0,0.0
2022-08-04,153.61,155.28,147.78,149.08,117130513,0,0.0
2022-08-05,239.36,245.7,238.02,240.94,84853550,0,0.0
2022-08-08,410.84,413.86,408.72,412.84,102116625,0,0.0
2022-08-09,379.65,390.23,371.67,378.95,106464769,0,0.0
2022-08-10,365.12,370.64,360.74,368.17,82340278,0,0.0
2022-08-11,197.37,212.02,184.76,188.18,94948588,0,0.0
2022-08-12,171.27,181.06,170.56,178.67,42229553,0,0.0
2022-08-15,320.59,333.02,314.59,318.96,98693742,0,0.0
2022-08-16,398.81,401.23,393.42,398.71,84510974,0,0.0
2022-08-17,287.03,300.03,286.25,294.05,16643083,0,0.0
2022-08-18,291.48,305.36,289.18,304.21,58958766,0,0.0
2022-08-19,203.99,211.55,197.49,202.94,26791470,0,0.0
2022-08-22,350.85,360.14,343.2,344.32,41576632,0,0.0
2022-08-23,176.11,187.7,169.75,170.09,111456118,0,0.0
2022-08-24,217.1,220.14,208.9,218.19,20050058,0,0.0
2022-08-25,247.63,255.42,238.5,247.38,15021650,0,0.0
2022-08-26,272.28,278.56,271.64,277.0,117068258,0,0.0
2022-08-29,192.72,195.34,185.49,187.8,68355494,0,0.0
2022-08-30,154.45,160.28,139.98,146.99,109147892,0,0.0
2022-08-31,303.19,304.68,295.16,295.45,118576589,0,0.0
2022-09-01,206.59,207.46,196.27,207.03,92836661,0,0.0
2022-09-02,294.37,296.83,289.35,294.35,64363500,0,0.0
2022-09-05,166.31,180.78,154.59,179.03,40372075,0,0.0
2022-09-06,264.34,272.81,252.63,257.99,105711767,0,0.0
2022-09-07,279.78,294.28,271.72,285.51,119507624,0,3.0
2022-09-08,135.55,142.32,120.9,135.43,39556224,0,0.0
2022-09-09,220.98,226.0,218.66,220.99,29701106,0,0.0
2022-09-12,160.32,168.16,159.57,166.86,104906090,0,0.0
2022-09-13,139.01,145.88,127.34,144.9,55676214,0,0.0
2022-09-14,416.99,419.02,404.79,417.38,94567573,0,0.0
2022-09-15,216.71,226.5,214.47,223.36,86622071,0,0.0
2022-09-16,362.96,366.59,358.61,360.82,91914165,0,0.0
2022-09-19,196.39,205.87,195.64,198.52,46239442,0,0.0
2022-09-20,324.45,334.38,319.7,333.84,108169489,0,0.0
2022-09-21,348.07,350.77,336.36,336.51,67056502,0,0.0
2022-09-22,298.69,300.08,290.68,297.41,112283803,0,0.0
2022-09-23,261.47,273.29,255.92,268.19,74103067,0,0.0
2022-09-26,243.55,250.72,237.66,245.79,70027643,0,0.0
2022-09-27,224.66,226.0,224.14,225.98,83117178,0,0.0
2022-09-28,398.86,413.79,394.01,400.18,101379410,0,0.0
2022-09-29,369.19,370.53,359.32,363.13,108992475,0,0.0
2022-09-30,409.51,420.09,394.88,396.87,113421626,0,0.0
2022-10-03,157.29,172.05,144.51,156.7,38507635,0,0.0
2022-10-04,339.26,343.23,338.42,339.68,112380604,0,0.0
2022-10-05,401.5,404.06,387.97,393.5,99597796,0,0.0
2022-10-06,174.37,176.63,162.51,174.29,34544473,0,0.0
2022-10-07,139.95,144.85,128.13,143.77,80017442,0,0.0
2022-10-10,342.34,344.31,335.2,336.89,79370273,0,0.0
2022-10-11,292.34,302.88,286.07,292.33,56096674,0,0.0
2022-10-12,372.55,373.95,367.66,373.5,110110311,0,0.0
2022-10-13,161.93,169.82,160.48,161.06,89467919,0,0.0
2022-10-14,358.58,373.53,354.77,356.5,98800357,0,0.0
2022-10-17,180.49,192.79,176.41,179.08,99231510,0,0.0
2022-10-18,169.1,178.52,161.58,171.66,40994235,0,0.0
2022-10-19,169.28,174.22,157.94,160.39,58883023,0,0.0
2022-10-20,364.37,373.92,357.0,373.38,48511963,0,0.0
2022-10-21,319.56,327.7,318.22,322.45,97489327,0,0.0
2022-10-24,276.92,283.6,262.53,273.1,96260962,0,0.0
2022-10-25,227.65,230.05,213.48,217.57,105198459,0,0.0
2022-10-26,383.16,396.52,371.27,383.16,49401837,0,0.0
2022-10-27,237.73,244.75,222.86,237.35,62582023,0,0.0
2022-10-28,364.98,368.3,356.59,365.39,25680555,0,0.0
2022-10-31,251.74,257.57,237.28,252.58,64063350,0,0.0
2022-11-01,233.08,239.58,231.48,236.16,65565110,0,0.0
2022-11-02,258.8,271.3,253.0,269.55,54897301,0,0.0
2022-11-03,210.41,221.55,206.64,218.83,34763284,0,0.0
2022-11-04,344.28,355.93,340.94,352.29,18401447,0,0.0
2022-11-07,270.82,271.48,268.28,268.46,26038804,0,0.0
2022-11-08,189.66,196.19,180.14,180.25,112851288,0,0.0
2022-11-09,389.87,397.35,378.04,382.14,27176872,0,0.0
2022-11-10,235.17,235.95,226.28,232.7,104401408,0,0.0
2022-11-11,283.07,287.34,280.44,283.28,60643397,0,0.0
2022-11-14,391.94,403.46,379.68,389.25,65205334,0,0.0
2022-11-15,307.27,309.76,297.55,308.35,107684914,0,0.0
2022-11-16,155.07,163.33,148.94,161.83,70701567,0,0.0
2022-11-17,401.95,405.57,391.68,404.31,67096342,0,0.0
2022-11-18,308.31,308.99,304.04,305.59,79650154,0,0.0
2022-11-21,220.47,224.47,214.96,221.53,71803178,0,0.0
2022-11-22,161.78,176.43,147.98,155.71,67138902,0,0.0
2022-11-23,358.21,370.33,353.5,356.71,75392605,0,0.0
2022-11-24,306.02,320.43,298.71,302.72,20002828,0,0.0
2022-11-25,280.04,287.61,266.63,273.81,15131562,0,0.0
2022-11-28,388.17,390.26,377.41,382.93,41218129,0,0.0
2022-11-29,356.58,365.03,355.18,363.36,71235862,0,0.0
2022-11-30,165.5,172.59,162.86,164.03,37367456,0,0.0
2022-12-01,213.52,226.26,212.91,222.72,27841272,0,0.0
2022-12-02,194.55,196.47,184.9,191.05,63593510,0,0.0
2022-12-05,343.18,350.76,336.19,340.39,110441814,0,0.0
2022-12-06,130.06,132.74,127.61,130.14,25782554,0,0.0
2022-12-07,290.97,296.18,276.58,282.46,48444652,0,0.0
2022-12-08,348.74,359.93,340.56,352.11,40136043,0,0.0
2022-12-09,383.03,390.43,379.02,383.97,112097169,0,0.0
2022-12-12,222.62,228.57,214.86,217.11,43576855,0,0.0
2022-12-13,366.38,372.6,356.03,357.96,116023602,0,0.0
2022-12-14,153.19,160.35,151.58,156.37,79419118,0,0.0
2022-12-15,373.94,385.82,369.46,384.22,34501490,0,0.0
2022-12-16,158.25,171.69,146.05,154.87,62596201,0,0.0
2022-12-19,239.19,253.54,232.02,247.79,33371718,0,0.0
2022-12-20,359.19,371.1,350.76,364.16,66819951,0,0.0
2022-12-21,164.98,170.05,158.2,169.24,20982547,0,0.0
2022-12-22,188.78,199.26,187.64,197.18,65850138,0,0.0
2022-12-23,336.68,343.53,333.78,339.3,62942277,0,0.0
2022-12-26,336.01,340.2,329.05,336.38,92571418,0,0.0
2022-12-27,312.34,325.03,308.81,323.38,47010888,0,0.0
2022-12-28,328.18,329.24,326.96,327.87,36006444,0,0.0
2022-12-29,282.82,296.4,270.09,278.69,41427192,0,0.0
2022-12-30,195.54,202.73,180.81,181.05,79397086,0,0.0
2023-01-02,223.71,233.45,211.71,229.68,50457556,0,0.0
2023-01-03,174.48,184.54,161.6,179.97,84901401,0,0.0
2023-01-04,392.54,406.02,388.53,390.36,71586535,0,0.0
2023-01-05,295.02,304.75,280.59,294.53,85256751,0,0.0
2023-01-06,240.26,249.66,236.9,242.82,38641900,0,0.0
2023-01-09,258.6,260.07,244.3,246.17,98441228,0,0.0
2023-01-10,404.19,412.21,389.27,411.76,28053104,0,0.0
2023-01-11,166.01,168.69,155.19,158.09,50141974,0,0.0
2023-01-12,295.87,307.06,281.14,282.88,35639379,0,0.0
2023-01-13,271.77,279.7,263.01,272.94,63674916,0,0.0
2023-01-16,303.44,313.8,299.18,309.98,39522485,0,0.0
2023-01-17,125.43,126.53,118.59,118.85,70188084,0,0.0
2023-01-18,381.64,383.37,372.53,379.67,38834000,0,0.0
2023-01-19,399.64,410.53,398.08,404.71,42992091,0,0.0
2023-01-20,289.54,291.09,280.02,281.16,73874792,0,0.0
2023-01-23,329.0,330.53,314.27,317.08,44783576,0,0.0
2023-01-24,396.75,397.43,393.49,395.73,43110905,0,0.0
2023-01-25,332.17,346.54,320.18,327.99,42764209,2,0.0
2023-01-26,165.76,176.95,152.1,175.42,54788840,0,0.0
2023-01-27,292.89,298.51,278.71,294.92,22581002,0,0.0
2023-01-30,302.01,306.81,287.59,306.49,33794744,0,0.0
2023-01-31,247.24,252.81,239.18,242.72,117341628,0,0.0
2023-02-01,340.93,352.66,326.26,351.86,83110885,0,0.0
2023-02-02,400.31,410.4,388.83,398.13,117848428,0,0.0
2023-02-03,397.67,400.86,394.83,396.93,41584138,0,0.0
2023-02-06,255.25,258.27,247.83,248.36,110897229,0,0.0
2023-02-07,153.97,155.9,143.05,143.73,61926657,0,0.0
2023-02-08,415.45,425.52,411.36,421.16,32069223,0,0.0
2023-02-09,371.67,383.25,361.88,371.67,30446786,0,0.0
2023-02-10,157.4,161.74,147.23,150.52,92993462,0,0.0
2023-02-13,396.25,397.05,393.39,395.64,63750452,0,0.0
2023-02-14,380.97,382.66,372.28,374.9,27453218,0,0.0
2023-02-15,275.65,290.18,263.96,279.11,17928785,0,0.0
2023-02-16,297.38,302.16,289.65,294.14,97814192,0,0.0
2023-02-17,239.7,251.35,239.02,249.17,91867443,0,0.0
2023-02-20,136.43,145.99,135.8,144.16,19791164,0,0.0
2023-02-21,220.56,226.6,214.88,220.47,16612119,0,0.0
2023-02-22,360.86,364.34,346.93,353.04,106813612,0,0.0
2023-02-23,121.39,123.65,117.57,119.77,30516706,0,0.0
2023-02-24,220.05,229.47,210.35,225.76,107662461,0,0.0
2023-02-27,239.45,251.18,235.73,240.8,88385984,0,0.0
2023-02-28,281.22,291.06,276.06,279.2,52771235,0,0.0
2023-03-01,395.96,404.15,383.16,384.94,111913836,0,0.0
2023-03-02,223.9,225.01,212.83,218.51,91943867,0,0.0
2023-03-03,224.09,238.63,222.21,230.13,77779882,0,0.0
2023-03-06,341.25,353.33,334.53,350.34,82252568,0,0.0
2023-03-07,255.67,260.42,254.75,256.0,30366031,0,0.0
2023-03-08,187.38,202.09,179.91,188.36,28723361,0,0.0
2023-03-09,255.73,264.96,245.62,261.25,23454364,0,0.0
2023-03-10,162.26,171.21,160.04,169.24,115602578,0,0.0
2023-03-13,172.92,184.27,168.23,174.4,91864536,0,0.0
2023-03-14,269.51,281.78,263.24,271.75,77266549,0,0.0
2023-03-15,245.68,255.7,231.85,239.08,44169138,0,0.0
2023-03-16,394.45,396.81,379.55,395.65,39669000,0,0.0
2023-03-17,228.72,234.12,227.57,228.35,56330304,0,0.0
2023-03-20,294.18,308.14,282.65,306.45,79085033,0,0.0
2023-03-21,309.68,313.44,303.79,310.39,50951072,3,0.0
2023-03-22,123.93,129.83,117.74,124.17,95735137,0,0.0
2023-03-23,319.06,325.83,307.62,308.21,62865579,0,0.0
2023-03-24,173.41,180.28,159.59,169.43,55549223,0,0.0
2023-03-27,408.32,417.71,394.03,403.69,56801105,0,0.0
2023-03-28,164.6,178.77,155.73,159.44,117580092,0,0.0
2023-03-29,244.39,248.38,238.71,245.06,16286188,0,0.0
2023-03-30,145.6,147.86,133.68,147.45,101972025,0,0.0
2023-03-31,419.06,422.42,414.92,419.14,35945989,0,0.0
2023-04-03,270.66,284.02,261.98,277.73,108075295,2,0.0
2023-04-04,298.62,308.48,292.92,293.99,96779560,0,0.0
2023-04-05,140.12,144.77,130.1,136.23,96926191,0,0.0
2023-04-06,344.99,357.32,341.0,342.9,105523114,0,0.0
2023-04-07,182.97,195.96,179.69,189.66,33561310,0,0.0
2023-04-10,389.42,402.19,375.61,400.55,81913257,0,0.0
2023-04-11,181.54,195.36,179.56,190.02,112371145,0,0.0
2023-04-12,177.21,181.37,169.37,170.29,92642269,0,0.0
2023-04-13,130.96,142.41,127.26,132.63,85770961,0,0.0
2023-04-14,261.62,268.8,260.56,265.1,23737723,0,0.0
2023-04-17,289.45,302.16,288.43,293.97,77745175,0,0.0
2023-04-18,139.71,150.77,136.67,148.42,86405948,0,0.0
2023-04-19,352.66,364.42,339.59,359.82,62628766,0,0.0
2023-04-20,255.99,266.0,251.39,260.33,74537422,0,0.0
2023-04-21,277.32,280.39,263.04,269.52,68477891,0,0.0
2023-04-24,252.23,260.63,243.3,247.72,119706238,0,0.0
2023-04-25,240.23,255.01,233.4,235.69,99739239,0,0.0
2023-04-26,287.89,301.98,278.98,287.14,69230536,0,0.0
2023-04-27,166.57,167.7,158.58,162.35,89757256,0,0.0
2023-04-28,174.58,177.47,163.08,172.81,67762777,0,0.0
2023-05-01,378.54,380.95,373.94,378.55,83709584,0,0.0
2023-05-02,403.83,414.86,398.21,399.38,101491407,0,0.0
2023-05-03,231.99,244.35,218.53,228.74,102105678,0,0.0
2023-05-04,201.22,204.82,187.0,190.24,62980339,0,0.0
2023-05-05,313.2,321.03,299.76,303.1,98817540,0,0.0
2023-05-08,242.62,255.31,236.04,251.98,105274038,0,0.0
2023-05-09,127.62,138.75,115.8,116.76,42135236,0,0.0
2023-05-10,166.85,175.21,159.44,166.05,23979219,0,0.0
2023-05-11,334.79,343.85,327.08,329.9,44107857,0,0.0
2023-05-12,317.68,325.55,314.21,324.18,61875246,0,0.0
2023-05-15,128.13,132.94,119.06,126.79,112996545,0,0.0
2023-05-16,186.59,195.28,183.39,186.14,30371868,0,0.0
2023-05-17,189.32,199.81,184.01,191.95,96369859,0,0.0
2023-05-18,321.57,334.73,308.67,327.73,88735788,0,0.0
2023-05-19,125.91,135.64,122.41,135.09,21045001,0,0.0
2023-05-22,151.23,162.77,149.7,152.58,104763004,0,0.0
2023-05-23,359.97,362.79,358.47,362.3,40646174,0,0.0
2023-05-24,173.56,180.75,159.42,179.35,49050664,0,0.0
2023-05-25,315.82,316.46,307.97,315.75,35411399,0,0.0
2023-05-26,191.45,195.53,185.01,191.69,72933890,0,0.0
2023-05-29,149.83,160.86,137.57,152.24,92184495,0,0.0
2023-05-30,192.95,207.83,180.33,191.42,46109310,0,0.0
2023-05-31,336.68,338.62,331.36,336.82,67960621,0,0.0
2023-06-01,376.71,383.03,366.15,375.12,111145928,0,0.0
2023-06-02,369.07,381.17,357.39,373.5,69244317,0,0.0
2023-06-05,239.16,242.62,229.17,234.93,41592372,0,0.0
2023-06-06,320.43,328.98,317.73,325.96,18991818,0,0.0
2023-06-07,181.5,192.63,168.3,188.36,23164962,0,0.0
2023-06-08,207.94,217.37,199.62,202.22,71372732,0,0.0
2023-06-09,388.9,392.13,384.3,390.82,80978252,0,0.0
2023-06-12,123.9,129.55,117.23,123.89,109299299,3,0.0
2023-06-13,145.65,157.51,144.61,155.51,15250231,0,0.0
2023-06-14,182.37,190.91,180.02,184.72,58004556,0,0.0
2023-06-15,127.96,128.54,116.36,120.98,95071947,0,0.0
2023-06-16,174.43,185.96,173.93,184.94,70067172,0,0.0
2023-06-19,294.91,295.92,288.37,290.27,102258185,0,0.0
2023-06-20,246.43,257.74,238.35,254.72,38518715,0,0.0
2023-06-21,387.8,391.24,386.51,388.8,49533367,0,0.0
2023-06-22,365.23,379.62,350.62,365.53,53821960,0,0.0
2023-06-23,222.55,228.39,218.77,221.74,57973491,0,0.0
2023-06-26,197.83,203.07,192.92,198.74,67461766,0,0.0
2023-06-27,233.91,236.57,229.0,231.46,15420993,0,0.0
2023-06-28,297.09,302.02,293.25,293.59,119064757,0,0.0
2023-06-29,200.42,213.63,199.9,203.63,34038007,0,0.0
2023-06-30,307.24,322.19,296.16,296.33,110306518,0,0.0
2023-07-03,242.82,248.66,228.3,248.22,48548071,0,0.0
2023-07-04,285.61,292.61,281.86,292.24,111659263,0,0.0
2023-07-05,250.84,261.81,240.73,249.06,103487398,0,0.0
2023-07-06,208.34,221.69,197.08,215.01,106160404,0,0.0
2023-07-07,404.54,413.64,391.74,399.31,61984860,0,0.0
2023-07-10,349.08,355.26,342.45,351.05,110071437,0,0.0
2023-07-11,162.03,168.51,157.14,166.3,17752690,0,0.0
2023-07-12,380.54,391.13,375.32,390.29,63482500,0,0.0
2023-07-13,266.23,266.78,255.4,259.95,83112374,0,0.0
2023-07-14,388.37,397.85,376.03,393.12,32848408,0,0.0
2023-07-17,359.96,365.61,356.83,359.16,83969235,0,0.0
2023-07-18,247.56,259.58,241.68,259.41,94694571,0,0.0
2023-07-19,126.74,128.59,113.16,113.56,114712182,0,0.0
2023-07-20,200.6,209.63,188.4,201.21,39555728,0,0.0
2023-07-21,282.49,289.96,267.71,282.38,81395265,0,0.0
2023-07-24,310.04,319.85,298.6,313.22,60353996,0,0.0
2023-07-25,197.37,198.81,191.17,192.09,109205561,0,0.0
2023-07-26,161.81,170.72,152.75,169.62,68947238,0,0.0
2023-07-27,370.48,379.12,360.4,363.79,45147291,3,0.0
2023-07-28,415.32,423.95,413.68,420.08,97969705,0,0.0
2023-07-31,277.71,286.96,269.31,273.24,46616374,0,0.0
2023-08-01,171.5,181.81,160.71,167.19,34138117,0,0.0
2023-08-02,201.69,213.86,198.76,207.01,114692226,0,0.0
2023-08-03,125.52,129.93,113.7,120.47,110464546,0,0.0
2023-08-04,394.29,406.75,385.33,388.76,106124305,0,0.0
2023-08-07,155.33,163.05,141.02,144.79,96952330,0,0.0
2023-08-08,292.95,294.57,291.83,292.98,101838133,0,0.0
2023-08-09,202.22,203.57,197.87,202.19,18291987,0,0.0
2023-08-10,286.25,291.6,277.03,290.11,62538500,0,0.0
2023-08-11,315.43,327.31,310.63,312.03,72873362,0,0.0
2023-08-14,368.92,379.68,358.06,366.56,114989205,0,0.0
2023-08-15,181.93,193.86,170.42,172.77,44268923,0,0.0
2023-08-16,123.3,131.3,121.31,121.48,97298322,0,0.0
2023-08-17,161.07,167.95,153.12,162.93,115533117,0,0.0
2023-08-18,390.01,392.65,382.13,388.47,62809902,0,0.0
2023-08-21,382.17,387.43,376.32,378.13,80555773,0,0.0
2023-08-22,299.22,306.01,285.19,290.06,24179279,0,0.0
2023-08-23,300.16,301.94,287.66,288.0,27896471,0,0.0
2023-08-24,319.51,323.21,308.9,320.85,69594920,0,0.0
2023-08-25,172.61,181.78,161.75,181.27,74304974,0,0.0
2023-08-28,394.32,405.49,387.13,389.62,20492952,0,0.0
2023-08-29,245.63,260.61,231.78,238.45,63236011,0,0.0
2023-08-30,234.94,248.97,224.37,245.73,109469046,0,0.0
2023-08-31,275.68,285.5,264.61,283.96,80256994,0,0.0
2023-09-01,134.09,140.7,121.1,129.32,25197174,0,0.0
2023-09-04,169.89,179.61,165.42,166.14,93002445,0,0.0
2023-09-05,341.41,353.3,329.21,330.16,21297042,0,0.0
2023-09-06,144.84,147.06,141.51,144.7,95710501,2,0.0
2023-09-07,300.95,307.39,295.44,300.14,86161443,0,0.0
2023-09-08,193.6,206.28,188.23,188.75,22200262,0,0.0
2023-09-11,236.79,242.86,222.1,234.21,43862768,0,0.0
2023-09-12,206.61,215.4,193.69,193.94,89834030,0,0.0
2023-09-13,226.7,235.72,216.03,231.53,89798069,0,0.0
2023-09-14,335.71,338.88,324.67,329.02,80556711,0,0.0
2023-09-15,209.14,214.89,200.49,201.07,100495505,0,0.0
2023-09-18,289.92,295.27,275.69,287.21,34080923,0,0.0
2023-09-19,262.82,263.7,255.12,258.53,41705487,0,0.0
2023-09-20,319.1,319.95,313.08,319.77,87571474,0,0.0
2023-09-21,401.05,413.61,398.19,406.58,17098729,0,0.0
2023-09-22,339.77,344.23,327.87,332.37,78022352,0,0.0
2023-09-25,184.48,192.49,173.33,186.92,106123390,1,0.0
2023-09-26,129.35,134.18,123.28,126.24,100706924,2,0.0
2023-09-27,198.68,212.82,197.81,211.38,79201676,0,0.0
2023-09-28,298.52,302.78,285.85,292.19,72900186,0,0.0
2023-09-29,135.43,142.16,134.76,138.83,31465417,0,0.0
2023-10-02,268.91,282.06,258.21,259.42,77925345,0,0.0
2023-10-03,299.05,311.76,284.48,296.1,116784099,0,0.0
2023-10-04,220.27,223.47,213.42,221.79,108179800,0,0.0
2023-10-05,351.27,363.41,347.36,360.29,38917061,0,0.0
2023-10-06,151.98,159.12,141.26,145.27,27124055,0,0.0
2023-10-09,142.54,150.04,130.19,134.68,31139153,0,0.0
2023-10-10,338.46,340.9,330.04,338.92,47315606,0,0.0
2023-10-11,268.65,270.32,254.13,269.19,56142405,0,0.0
2023-10-12,326.52,337.58,325.27,326.44,82259517,0,0.0
2023-10-13,250.45,258.15,242.63,249.61,97106264,0,0.0
2023-10-16,193.92,200.75,183.0,188.99,111732598,0,0.0
2023-10-17,365.73,376.81,352.72,373.69,17488144,0,0.0
2023-10-18,359.82,371.42,356.72,357.95,71294061,0,0.0
2023-10-19,328.41,331.21,316.31,319.46,104013399,0,0.0
2023-10-20,201.64,210.99,193.13,206.57,68815626,0,0.0
2023-10-23,297.07,299.53,290.82,291.27,60399577,0,0.0
2023-10-24,228.29,239.68,225.88,232.68,20088539,0,0.0
2023-10-25,147.47,157.5,134.42,144.62,105821506,0,0.0
2023-10-26,395.19,409.56,392.41,398.14,104666634,0,0.0
2023-10-27,161.05,162.55,156.06,158.62,90883685,0,0.0
2023-10-30,405.07,406.4,400.36,403.56,37074556,0,0.0
2023-10-31,253.8,258.39,240.66,243.52,67828237,0,0.0
