fixed acidity,volatile acidity,citric acid,residual sugar,chlorides,free sulfur dioxide,total sulfur dioxide,density,pH,sulphates,alcohol,quality
8.49,0.378,0.262,10.25,0.119,51,175,0.99517,3.77,1.07,13.48,10
15.41,0.913,0.247,12.05,0.163,71,172,0.99241,2.91,0.96,13.22,1
12.78,1.409,0.906,4.13,0.154,48,193,0.99845,3.56,1.97,12.23,8
11.18,1.198,0.25,9.56,0.039,19,174,1.00416,3.9,0.96,12.8,8
5.87,1.31,0.272,8.79,0.038,6,294,0.99006,3.05,0.44,8.13,2
5.87,1.088,0.759,12.58,0.061,27,234,0.99357,3.6,0.45,10.18,7
4.7,1.138,0.45,13.64,0.079,53,102,1.00408,2.89,1.3,12.46,10
14.39,1.374,0.777,0.68,0.088,48,21,0.99257,3.52,1.32,8.07,3
11.21,0.475,0.065,10.27,0.139,7,284,0.9917,3.0,1.01,8.23,2
12.5,0.834,0.488,1.25,0.021,59,140,0.99855,3.68,1.03,13.96,0
4.25,0.432,0.034,8.46,0.017,69,31,1.00293,3.16,0.39,12.79,4
15.64,1.582,0.063,4.67,0.084,11,17,0.99716,3.36,1.18,9.86,10
13.99,1.516,0.906,4.95,0.142,15,77,1.00492,3.52,1.16,12.82,3
6.55,0.159,0.139,5.62,0.047,64,138,1.00019,3.01,0.55,13.55,0
6.18,1.158,0.532,9.51,0.132,3,111,0.99111,3.69,0.48,10.15,9
6.2,1.488,0.411,5.34,0.059,69,225,1.00489,3.16,0.51,8.25,7
7.65,0.371,0.347,11.12,0.178,23,182,0.99612,3.59,0.47,14.53,7
10.3,0.952,0.9,6.37,0.18,53,287,0.99431,2.99,1.34,10.42,7
9.18,1.473,0.022,1.49,0.066,37,138,0.99837,3.63,0.63,8.75,2
7.49,0.151,0.664,11.86,0.054,9,27,0.99456,2.95,0.73,11.44,5
11.34,1.146,0.963,4.64,0.088,15,274,0.9913,3.31,0.6,13.38,6
5.67,0.546,0.56,6.78,0.056,3,166,0.99002,3.1,1.93,9.55,8
7.51,1.487,0.937,10.44,0.138,70,112,0.99674,3.7,1.75,9.89,4
8.4,1.557,0.052,5.32,0.167,17,284,1.00255,3.11,0.69,9.7,8
9.47,1.516,0.419,1.32,0.138,26,240,0.99858,3.86,0.86,14.94,5
13.42,0.811,0.26,5.92,0.167,21,23,1.00499,3.87,0.66,9.38,9
6.4,1.393,0.731,14.19,0.085,72,247,0.9943,3.04,1.14,12.03,9
10.17,1.367,0.981,9.81,0.04,21,122,0.99421,3.54,0.33,14.48,9
11.11,0.579,0.257,10.24,0.15,11,291,0.9924,2.91,1.44,9.03,3
4.56,1.343,0.654,9.67,0.078,38,287,0.99246,3.27,1.19,14.8,0
11.29,0.156,0.198,3.39,0.138,72,149,0.99428,3.66,1.83,14.63,0
6.05,0.994,0.565,6.57,0.061,35,210,1.00189,3.59,0.58,14.19,9
4.78,0.445,0.464,11.39,0.025,14,44,1.00359,3.55,1.67,9.5,4
15.39,0.281,0.972,1.97,0.199,14,159,1.00463,3.14,1.65,12.44,2
15.59,0.215,0.609,4.53,0.04,10,181,0.99348,3.25,0.52,13.33,4
13.7,1.144,0.35,4.51,0.198,12,246,1.00322,2.92,0.98,14.9,4
7.66,0.61,0.114,6.76,0.196,38,139,0.99492,3.66,0.59,9.26,0
5.17,1.187,0.151,14.72,0.161,34,51,0.99169,3.4,0.73,13.36,7
12.21,0.198,0.225,1.48,0.135,41,55,1.00305,3.65,0.75,10.37,4
9.28,0.573,0.251,8.02,0.12,10,171,0.99954,3.1,1.25,9.23,4
5.46,0.909,0.851,3.1,0.175,17,111,0.99247,3.19,1.0,10.95,8
9.94,1.286,0.561,14.57,0.065,17,221,0.99645,3.2,1.91,13.56,7
4.41,0.578,0.523,2.14,0.099,67,151,0.99431,2.83,0.51,11.25,0
14.91,1.039,0.115,6.35,0.128,62,77,1.00105,3.21,1.96,11.76,2
7.11,1.429,0.86,11.2,0.088,1,278,0.9968,3.76,0.69,14.97,6
11.95,1.024,0.723,10.72,0.091,12,252,1.00484,3.88,1.61,10.79,0
7.74,0.449,0.068,6.63,0.073,4,191,0.99082,3.42,0.88,12.31,0
10.24,0.137,0.708,5.52,0.117,42,75,0.99533,3.35,0.54,10.56,4
10.56,1.405,0.544,6.27,0.172,13,155,0.99723,2.84,1.76,10.75,8
6.22,0.132,0.082,4.33,0.048,4,251,0.99755,3.86,0.83,12.87,5
15.64,1.412,0.458,3.48,0.188,69,267,0.99474,2.82,1.42,14.57,9
13.3,0.893,0.485,7.5,0.141,19,31,1.00094,3.93,1.26,11.8,1
15.27,1.509,0.166,4.39,0.166,2,145,1.00312,3.39,1.1,13.38,10
14.74,1.298,0.946,4.67,0.116,12,104,1.00408,3.21,1.14,8.62,8
11.17,1.597,0.85,10.02,0.158,74,283,1.00208,3.91,1.54,9.48,5
15.06,0.626,0.669,14.54,0.013,6,56,1.00276,2.83,0.45,11.51,4
5.06,1.251,0.462,9.25,0.165,8,156,0.99826,3.5,1.44,8.14,4
6.35,0.703,0.412,1.62,0.018,51,109,1.00239,3.46,1.82,9.77,2
4.54,0.82,0.651,1.6,0.179,11,94,0.99455,3.06,0.4,11.62,5
7.9,1.041,0.545,14.3,0.198,63,146,0.99598,3.31,0.54,8.1,3
8.66,1.411,0.062,4.81,0.066,57,218,0.99475,3.58,1.52,9.85,9
7.26,1.576,0.513,1.83,0.05,12,238,0.99701,3.67,1.04,11.6,1
13.94,1.252,0.806,9.19,0.155,73,188,0.99428,2.8,0.99,12.01,2
8.28,0.727,0.459,9.54,0.058,2,256,1.00442,3.92,0.53,14.48,8
7.37,0.732,0.052,9.9,0.174,8,14,0.99469,3.0,1.16,12.52,10
10.51,1.206,0.786,4.38,0.03,11,84,0.99147,3.08,0.52,10.9,10
5.69,0.458,0.201,0.72,0.034,53,57,0.9979,3.12,1.11,14.51,8
13.63,0.266,0.259,14.49,0.196,10,274,0.99086,2.85,1.6,13.49,5
4.89,0.632,0.165,4.14,0.138,8,231,0.99166,2.95,0.74,9.4,9
15.84,0.531,0.33,10.3,0.171,36,56,0.99329,3.98,1.12,8.92,9
13.27,0.544,0.757,10.75,0.072,14,191,0.99697,3.18,1.99,12.73,8
6.38,0.45,0.519,9.35,0.139,54,39,0.9965,2.94,1.47,11.92,3
4.07,0.163,0.205,5.04,0.123,21,296,1.002,2.93,1.73,13.53,10
13.79,0.127,0.878,4.43,0.125,50,235,1.00109,3.66,1.01,13.17,4
12.48,1.582,0.88,9.17,0.14,39,136,0.99639,3.83,1.61,12.38,9
12.75,0.742,0.871,13.06,0.119,20,125,0.99501,3.11,0.37,14.9,5
13.26,0.676,0.239,14.23,0.092,7,252,0.99475,2.83,0.51,11.74,8
4.89,1.119,0.451,2.04,0.062,9,197,1.00161,3.07,0.65,8.79,4
8.3,0.427,0.985,2.75,0.156,1,215,0.99078,2.87,0.98,13.8,7
5.39,1.525,0.772,14.2,0.053,26,108,0.99019,2.92,1.74,9.76,10
14.36,1.28,0.027,11.18,0.142,38,138,1.00193,3.32,0.89,13.44,0
11.48,0.234,0.065,13.3,0.054,38,144,0.99716,3.08,1.41,14.7,4
7.97,0.726,0.464,3.44,0.129,61,126,0.99196,3.42,1.51,12.88,9
4.76,1.419,0.909,9.02,0.152,44,99,0.99353,3.1,1.3,12.17,0
7.73,1.517,0.539,10.67,0.052,44,134,1.00399,3.93,0.91,11.22,9
7.9,0.801,0.498,10.36,0.021,74,96,1.00289,3.89,1.28,10.55,5
12.76,1.02,0.105,6.42,0.035,62,97,1.00065,3.48,0.88,10.47,6
11.65,0.351,0.657,0.72,0.125,6,68,0.99723,3.23,0.44,12.45,4
14.65,1.587,0.822,8.95,0.171,17,34,0.9978,3.26,1.99,13.26,0
9.67,0.448,0.38,4.17,0.019,51,215,1.00463,3.29,0.52,12.75,5
5.44,1.514,0.776,7.03,0.149,38,17,1.00449,3.67,0.42,9.39,9
12.56,1.074,0.964,14.38,0.075,24,135,0.99323,3.34,1.79,11.46,4
13.13,1.012,0.204,6.29,0.101,51,298,1.00217,3.83,0.81,13.54,5
10.74,0.869,0.523,12.68,0.186,10,178,0.99296,3.93,1.41,11.33,10
13.25,0.446,0.287,3.23,0.073,72,213,0.9932,3.2,0.86,11.76,9
9.93,0.365,0.793,10.25,0.098,21,29,1.00014,3.47,0.97,13.4,6
10.27,0.431,0.578,14.67,0.013,70,104,0.99608,2.91,0.75,12.63,6
9.13,0.38,0.635,1.98,0.026,57,144,1.00397,3.04,0.88,10.87,1
4.31,1.269,0.798,0.62,0.059,39,179,0.99134,3.3,1.0,14.27,2
5.29,0.625,0.396,6.79,0.015,33,34,0.99767,3.05,1.52,9.14,5
4.38,0.187,0.915,1.84,0.13,59,148,1.00378,3.85,1.17,14.97,2
11.64,1.554,0.533,11.35,0.091,18,47,1.00356,2.99,1.9,8.83,1
7.77,1.426,0.158,13.76,0.114,56,213,0.99235,3.35,0.37,8.1,3
10.1,1.492,0.696,6.79,0.043,57,197,0.9955,3.53,1.16,14.23,4
14.89,1.592,0.793,4.25,0.066,48,165,0.99929,3.63,1.29,9.71,10
6.99,0.361,0.317,6.8,0.136,42,69,0.99239,3.26,1.86,13.11,9
8.92,0.694,0.857,10.99,0.193,27,248,1.00452,3.84,0.38,13.68,8
13.07,1.237,0.906,0.63,0.02,74,263,1.00372,3.48,1.27,14.01,2
6.75,1.144,0.277,9.05,0.179,52,157,0.9925,3.33,1.75,14.94,2
4.92,0.331,0.984,9.39,0.12,42,220,0.99182,2.88,0.71,10.06,5
7.48,1.324,0.141,9.75,0.117,32,171,0.99128,3.36,1.79,12.97,4
5.93,0.437,0.202,4.01,0.105,26,36,1.00364,3.78,0.33,8.81,5
15.16,0.436,0.184,10.85,0.023,25,237,0.9929,3.54,1.55,10.85,6
13.7,0.905,0.894,1.83,0.027,23,287,0.99624,3.8,1.89,13.94,10
11.6,0.989,0.654,3.39,0.124,57,34,0.99673,3.39,1.42,10.57,2
14.46,0.97,0.152,13.22,0.075,52,200,0.99899,2.94,1.05,12.14,4
13.64,0.237,0.44,11.21,0.184,31,261,0.99108,2.82,0.38,11.53,7
6.24,1.416,0.615,0.7,0.087,64,286,0.9934,3.16,1.86,12.52,3
14.71,0.498,0.083,4.1,0.037,71,299,1.00397,3.64,1.1,14.81,9
10.47,0.294,0.882,3.61,0.146,33,92,1.00363,3.75,0.35,8.39,1
13.69,1.433,0.804,4.43,0.066,2,154,1.00172,3.15,1.47,12.02,3
14.75,1.533,0.505,4.09,0.11,18,254,0.99029,3.39,1.12,14.04,1
7.82,1.393,0.967,1.41,0.143,47,288,0.99491,3.31,0.51,11.37,2
5.32,1.314,0.418,7.15,0.181,33,203,0.99942,3.29,0.66,8.55,3
6.74,1.083,0.984,11.12,0.161,35,49,0.99413,3.08,0.41,11.92,3
9.13,0.926,0.668,9.3,0.139,51,33,1.00364,2.96,1.28,10.32,9
13.82,0.23,0.635,10.26,0.139,18,22,0.99951,3.04,1.36,9.08,8
14.33,0.713,0.166,1.68,0.19,72,132,0.99108,2.87,1.16,13.94,9
4.08,0.659,0.882,14.3,0.066,30,173,1.00364,3.04,1.69,11.65,5
10.13,0.49,0.427,12.66,0.01,44,249,1.00437,2.81,1.76,14.53,8
9.01,1.185,0.162,12.17,0.062,53,81,0.99117,3.55,1.35,13.64,3
6.67,0.844,0.013,12.43,0.051,10,236,0.99799,3.18,0.32,12.85,8
5.44,0.222,0.56,14.02,0.136,52,209,0.99455,3.97,1.48,8.04,10
8.05,0.43,0.527,8.39,0.13,49,253,0.99589,3.03,1.01,10.99,8
15.31,1.125,0.719,3.4,0.123,11,219,0.99269,3.21,1.26,9.38,5
7.88,0.214,0.89,9.44,0.013,66,220,0.99867,3.23,1.4,14.38,4
10.23,1.377,0.079,11.27,0.148,58,163,1.00437,2.81,0.9,9.22,2
12.44,0.843,0.731,11.2,0.071,36,74,0.99755,3.81,1.86,10.0,4
8.36,0.821,0.187,8.06,0.136,33,90,0.99124,2.84,0.53,11.62,2
15.66,0.989,0.858,1.49,0.116,47,272,0.9993,3.93,1.44,9.84,4
15.55,1.337,0.819,5.88,0.075,13,74,0.9951,3.87,0.31,9.47,4
7.02,0.622,0.541,13.85,0.036,40,104,1.00284,3.44,1.87,12.19,1
9.97,1.117,0.71,8.97,0.028,68,221,0.99652,3.45,0.49,8.62,8
7.61,0.949,0.314,8.31,0.168,42,166,0.99289,3.58,0.46,8.41,6
7.42,0.501,0.471,4.4,0.184,19,99,0.99287,3.26,0.87,10.61,5
4.44,1.418,0.822,5.84,0.133,19,179,1.00153,3.58,0.94,13.04,4
11.31,1.296,0.459,13.48,0.03,58,170,0.99398,2.85,0.66,11.88,3
10.03,1.088,0.358,10.16,0.086,23,120,1.00151,2.86,1.29,10.96,7
4.62,1.376,0.494,11.92,0.148,54,225,0.99309,3.35,1.05,11.96,1
7.34,1.401,0.828,7.09,0.158,65,36,0.99483,3.46,0.36,10.56,7
14.9,1.163,0.335,9.64,0.032,12,16,0.99698,3.87,0.84,14.55,0
6.87,1.356,0.174,4.1,0.01,24,135,1.00415,2.93,1.68,8.38,9
5.74,1.146,0.712,10.73,0.145,34,110,1.00398,3.79,1.47,12.71,0
9.87,1.12,0.826,6.7,0.078,53,32,0.9931,3.05,1.53,14.24,2
15.83,1.028,0.101,6.92,0.058,8,232,0.99537,3.27,1.49,13.63,4
6.9,1.229,0.24,9.92,0.012,18,7,0.99224,3.18,0.83,9.29,5
12.07,0.338,0.142,14.08,0.113,57,106,0.99765,3.28,0.47,10.07,3
13.14,1.421,0.348,1.43,0.172,5,26,0.99691,2.98,0.76,13.02,6
6.85,1.408,0.45,12.46,0.192,26,63,1.00351,3.4,1.71,8.59,6
12.74,0.144,0.749,4.74,0.117,30,185,1.00395,3.76,1.97,13.68,1
8.41,1.339,0.651,6.94,0.108,54,25,0.99575,3.33,1.14,13.03,1
11.59,0.293,0.621,0.82,0.026,13,260,0.99738,3.39,0.32,13.11,1
11.6,0.603,0.352,4.87,0.114,29,43,1.00344,3.82,0.54,8.7,1
10.43,1.215,0.841,7.79,0.082,3,153,1.0021,3.65,0.85,13.02,8
5.08,0.341,0.471,1.31,0.125,58,30,0.99005,3.39,1.28,12.76,4
14.02,1.327,0.979,7.62,0.084,2,126,0.9948,3.11,0.43,13.82,10
7.85,1.348,0.634,13.94,0.056,28,31,0.99633,3.86,1.9,8.29,7
6.24,0.861,0.126,2.03,0.028,2,174,0.99345,3.49,0.92,8.16,4
4.49,0.11,0.676,11.58,0.07,7,230,0.99299,3.07,1.85,10.61,10
11.09,0.531,0.325,6.44,0.028,26,6,0.99057,3.12,1.63,9.04,4
12.13,1.025,0.686,10.0,0.044,16,266,0.99965,3.76,1.58,11.91,0
4.2,1.572,0.07,4.27,0.198,23,18,0.99394,2.85,1.33,14.42,5
10.15,1.048,0.175,2.81,0.094,40,53,0.99079,3.99,1.37,10.74,3
6.72,0.49,0.856,2.83,0.111,60,296,0.99346,2.96,1.38,13.91,2
11.74,1.051,0.227,1.52,0.176,73,99,1.00203,3.76,1.37,8.0,5
6.09,0.91,0.837,3.19,0.199,32,266,1.00277,3.27,1.24,9.18,1
12.29,1.27,0.279,10.13,0.121,15,283,0.99725,3.39,1.98,8.21,7
8.64,0.26,0.643,13.28,0.164,13,210,0.99624,3.86,1.54,10.3,0
15.24,1.242,0.694,12.3,0.072,5,190,1.00467,3.3,1.62,14.36,8
5.65,0.912,0.513,10.43,0.068,74,180,0.99301,3.44,1.78,8.68,7
8.09,1.544,0.305,2.1,0.087,52,74,0.99323,2.86,0.67,12.24,0
5.36,0.613,0.213,4.69,0.138,41,109,0.99438,2.8,0.44,11.16,9
15.1,1.049,0.033,4.99,0.14,53,251,0.99259,3.09,1.12,14.57,8
14.53,1.498,0.304,4.12,0.07,50,166,0.99569,3.62,1.17,8.86,1
7.1,0.254,0.653,7.97,0.035,15,205,1.00366,2.95,1.71,9.48,2
11.92,1.506,0.938,8.27,0.13,7,221,0.99923,2.94,1.05,8.21,1
13.81,1.132,0.871,5.67,0.034,40,217,0.99618,3.29,1.27,11.04,7
10.66,0.202,0.766,5.63,0.12,28,21,1.00402,3.58,1.2,9.94,1
10.36,0.551,0.788,12.51,0.142,32,210,0.99073,3.65,0.36,14.09,9
6.9,1.162,0.665,11.94,0.143,15,44,0.99315,3.01,1.35,12.23,1
5.12,0.201,0.26,4.96,0.153,70,94,0.99849,2.9,1.71,12.3,0
14.77,0.973,0.907,13.75,0.176,65,261,0.99923,3.93,0.57,11.72,6
14.81,0.619,0.671,14.32,0.105,4,259,0.99059,3.11,1.31,8.64,1
11.6,1.031,0.56,5.24,0.149,11,221,0.99605,3.82,1.31,11.12,9
8.07,0.169,0.111,5.64,0.128,26,177,0.99974,3.84,0.58,15.0,4
8.19,1.407,0.447,7.83,0.045,61,142,1.00047,3.73,0.51,13.85,4
12.71,1.56,0.46,14.15,0.015,37,183,0.99957,3.0,1.97,14.25,2
14.77,1.553,0.865,13.21,0.064,23,82,0.99481,3.79,0.97,13.76,2
14.65,1.224,0.547,1.99,0.094,40,193,0.9914,3.72,0.69,8.72,2
13.36,0.295,0.38,6.19,0.127,23,20,0.99641,3.52,0.59,9.59,5
11.7,1.237,0.977,8.52,0.171,16,297,0.99193,3.2,1.43,8.02,3
5.01,0.137,0.111,7.8,0.047,61,219,1.00421,3.12,1.34,10.12,2
5.94,0.133,0.423,3.31,0.034,68,213,0.99713,2.95,1.39,8.76,1
14.78,0.585,0.042,12.95,0.193,31,174,0.99476,3.41,0.45,11.31,2
11.28,0.833,0.74,10.32,0.031,53,285,1.00149,3.5,1.82,12.74,3
4.11,1.256,0.918,12.65,0.101,25,151,0.99747,3.23,0.96,14.12,5
5.22,1.125,0.28,12.95,0.121,44,268,0.99465,3.37,0.83,13.24,3
11.96,0.769,0.858,11.35,0.113,12,9,1.00218,3.24,1.09,14.57,7
4.06,0.51,0.292,6.87,0.026,9,95,1.00301,3.57,0.96,8.38,2
5.93,1.596,0.911,9.35,0.021,12,65,1.0001,3.88,1.77,8.09,2
10.58,0.739,0.754,2.83,0.03,69,21,0.9907,3.0,1.88,12.63,2
12.3,0.777,0.805,10.27,0.121,54,232,0.99849,3.26,0.82,10.03,7
11.82,0.345,0.018,3.1,0.113,54,34,1.00145,2.97,1.77,9.77,3
6.69,1.292,0.963,10.56,0.054,28,156,0.99205,3.55,1.63,10.32,0
12.55,1.141,0.727,3.83,0.131,56,250,0.99343,3.67,1.88,9.89,1
6.85,0.431,0.305,2.2,0.166,69,275,1.00324,3.92,0.72,11.58,9
7.9,0.224,0.829,2.9,0.018,58,84,0.9903,3.13,1.28,11.08,1
12.96,1.121,0.282,0.53,0.105,42,294,1.00129,3.94,0.77,11.59,2
11.8,1.082,0.873,10.92,0.141,38,158,0.99711,2.88,1.7,12.71,5
14.19,0.51,0.113,11.12,0.058,68,282,0.9967,3.52,0.31,10.71,7
11.89,1.526,0.704,7.97,0.068,53,284,0.99011,2.87,1.26,9.76,0
10.82,0.327,0.541,2.84,0.127,33,62,1.00229,3.87,0.88,9.16,8
5.12,0.749,0.097,1.71,0.181,71,191,0.9954,3.44,0.85,10.45,0
8.41,1.515,0.242,0.78,0.164,56,98,0.99811,3.6,1.4,13.19,9
7.18,0.73,0.012,2.9,0.121,72,281,1.00016,3.8,1.75,13.3,1
6.93,1.058,0.469,13.42,0.149,51,163,1.00054,2.98,1.34,12.67,2
15.68,0.696,0.301,4.0,0.079,74,280,1.00434,2.85,1.75,9.64,6
8.72,0.511,0.598,5.64,0.132,43,186,0.99797,3.85,0.75,12.12,8
14.7,1.576,0.297,2.03,0.099,15,82,0.996,3.18,1.18,11.99,2
11.57,0.714,0.3,3.72,0.046,38,156,1.00431,2.95,1.07,11.39,7
13.54,1.441,0.743,8.03,0.143,15,243,0.99963,3.36,0.32,11.85,8
10.03,0.445,0.048,9.31,0.116,5,294,0.99447,3.52,1.25,11.44,9
10.92,0.42,0.903,4.06,0.078,54,236,0.9919,2.84,1.42,11.96,6
9.91,0.147,0.852,1.34,0.183,51,23,1.00264,3.13,1.31,13.01,3
6.34,1.078,0.668,6.17,0.014,10,78,0.99543,2.84,1.55,8.77,3
12.67,0.653,0.593,3.9,0.07,12,194,0.99991,3.3,1.27,13.25,3
7.37,1.397,0.892,3.68,0.021,4,22,0.99706,3.87,0.41,8.95,5
4.29,0.81,0.185,14.42,0.156,18,24,0.99298,3.98,0.5,8.47,3
11.75,1.552,0.079,9.44,0.143,36,224,0.99903,3.56,1.31,14.83,4
6.13,0.378,0.24,8.57,0.073,25,125,0.99091,2.99,0.77,14.7,8
15.29,1.403,0.795,6.53,0.138,36,106,0.9962,3.89,0.44,8.42,6
15.45,1.265,0.035,6.72,0.085,67,39,0.9982,3.42,1.03,11.1,7
14.98,1.256,0.583,8.34,0.154,9,89,0.99654,2.98,1.24,9.3,4
8.44,1.367,0.995,10.6,0.096,61,201,1.00123,3.91,0.86,11.4,4
4.19,1.242,0.856,10.68,0.088,53,207,1.00242,3.71,1.52,13.81,10
15.14,1.039,0.521,2.99,0.188,18,16,1.00157,3.68,1.39,14.65,6
9.14,0.297,0.064,7.75,0.058,43,223,0.99058,3.65,0.87,12.44,10
15.6,0.149,0.831,6.47,0.033,35,258,0.99291,3.04,1.58,10.48,7
15.56,1.481,0.599,13.12,0.121,63,227,0.99805,3.05,1.4,12.22,8
14.24,1.025,0.115,9.66,0.194,4,85,1.00402,3.63,1.38,10.18,1
7.53,1.295,0.094,8.22,0.082,41,12,1.00252,3.06,1.24,14.37,2
8.62,0.822,0.91,2.17,0.022,45,277,1.00264,3.33,0.32,14.09,1
14.21,0.276,0.669,9.28,0.074,50,232,0.99455,3.74,1.48,11.91,9
7.8,0.288,0.829,2.2,0.106,28,21,0.99644,3.74,0.94,10.27,6
6.03,1.128,0.879,5.39,0.041,42,17,0.99706,3.34,1.9,10.05,1
10.68,0.745,0.572,2.57,0.135,69,296,0.99236,3.75,1.69,8.23,1
15.23,0.401,0.517,10.54,0.2,1,246,0.99047,3.81,1.3,13.71,1
12.35,0.837,0.43,3.49,0.096,39,26,1.0042,3.59,0.73,11.15,3
10.84,0.196,0.317,6.18,0.077,17,183,0.99361,3.07,0.65,10.28,0
5.17,0.973,0.435,13.49,0.086,35,233,0.9936,3.13,0.88,11.3,1
11.38,0.503,0.774,3.46,0.032,46,278,0.99125,3.18,1.11,13.73,2
15.88,1.296,0.602,7.86,0.178,42,293,1.00393,2.94,0.8,8.87,6
5.68,0.566,0.893,6.58,0.089,39,139,0.9987,3.13,1.18,14.0,9
10.22,0.783,0.443,0.76,0.084,49,288,1.00001,3.05,0.58,14.28,0
14.53,0.117,0.607,11.99,0.135,62,158,1.00367,3.35,1.96,14.63,5
12.89,0.209,0.631,1.5,0.094,38,71,0.99518,3.89,0.48,10.78,2
12.36,0.689,0.592,7.38,0.133,23,142,0.99932,2.93,1.88,9.52,2
12.43,0.82,0.703,8.63,0.022,22,97,0.99058,3.66,1.85,10.62,3
8.31,1.0,0.237,9.61,0.165,4,264,0.9928,3.62,1.19,10.33,3
7.52,0.537,0.512,10.49,0.189,49,108,1.00247,2.91,1.53,9.23,6
13.71,1.142,0.104,4.17,0.133,59,60,1.0015,3.91,1.04,12.25,2
13.72,1.39,0.385,0.64,0.191,73,262,0.99526,3.48,1.37,11.34,7
14.4,1.27,0.488,10.99,0.039,68,106,0.99565,3.24,0.88,14.06,7
14.96,0.159,0.652,8.27,0.101,71,203,0.998,3.71,0.81,8.22,10
10.14,0.821,0.951,12.62,0.124,2,231,0.99,3.11,1.28,12.51,6
10.02,0.257,0.601,12.41,0.121,49,242,0.99362,3.63,1.15,13.34,1
13.58,0.463,0.744,12.73,0.086,31,31,0.99312,2.85,1.29,13.32,4
11.8,1.58,0.506,7.53,0.074,40,126,0.99376,3.81,0.79,14.2,5
12.42,0.314,0.634,5.34,0.034,48,187,1.00209,3.34,0.92,13.1,9
13.55,0.848,0.071,11.98,0.084,51,204,0.9942,3.56,0.44,14.49,3
14.68,1.027,0.254,7.04,0.041,43,260,0.99287,3.07,0.39,10.33,9
8.06,1.154,0.362,3.16,0.15,55,127,0.99756,3.61,0.73,11.52,4
8.51,0.939,0.472,12.9,0.05,49,36,1.00298,3.73,0.43,8.1,8
5.13,0.115,0.046,13.3,0.021,57,290,0.99362,3.37,0.48,8.05,10
10.94,0.59,0.14,7.26,0.115,15,111,0.99118,3.54,1.68,9.68,6
4.43,0.877,0.277,1.6,0.123,27,229,0.99535,3.35,0.37,8.71,1
9.59,0.232,0.972,6.12,0.176,68,278,1.00121,3.87,1.42,9.82,10
10.51,0.626,0.331,12.15,0.12,64,237,0.99826,3.4,0.76,9.24,0
7.44,0.15,0.482,13.58,0.076,30,261,1.00225,3.81,1.78,8.2,1
11.09,0.218,0.196,3.45,0.163,36,29,1.00439,3.76,1.12,14.37,2
4.37,0.695,0.611,1.47,0.113,67,114,1.00189,3.29,0.82,8.06,10
4.45,0.299,0.281,13.22,0.025,49,196,0.99906,3.08,1.18,13.15,1
13.87,0.951,0.207,6.15,0.118,55,30,0.9974,3.29,0.95,9.07,10
8.32,1.134,0.517,8.36,0.183,56,192,0.9906,3.79,1.26,14.39,2
5.52,1.301,0.006,14.54,0.085,68,293,1.00476,3.07,0.49,14.25,9
10.27,0.4,0.008,1.47,0.066,44,121,0.99575,3.43,1.99,12.58,10
13.24,0.351,0.219,9.9,0.037,31,42,0.99228,3.77,1.02,12.71,10
6.59,0.257,0.037,1.57,0.039,58,287,1.0,3.22,0.89,8.04,8
11.47,1.055,0.108,5.94,0.092,53,142,0.99426,3.57,1.51,14.89,3
5.02,1.16,0.339,12.16,0.123,23,232,0.99879,3.09,0.92,14.14,8
4.62,0.147,0.803,6.79,0.025,28,187,0.9988,2.93,1.72,14.27,10
10.38,1.504,0.572,14.96,0.189,16,91,0.99669,3.75,1.07,12.61,2
10.49,0.178,0.513,8.61,0.153,37,58,1.00254,2.92,1.52,10.41,0
11.65,0.912,0.293,5.16,0.121,21,240,0.99397,3.13,0.48,14.26,10
12.71,1.164,0.932,3.69,0.167,17,272,0.99673,3.83,1.74,10.04,4
15.71,1.406,0.397,5.58,0.025,37,292,0.99807,3.22,1.55,11.94,9
10.2,1.171,0.087,5.9,0.101,19,105,0.99995,3.97,0.66,8.7,9
7.88,1.303,0.617,1.5,0.13,30,92,1.00176,3.98,0.55,14.45,1
13.54,0.609,0.114,5.86,0.167,45,20,0.99592,3.12,0.84,8.99,3
7.25,1.322,0.345,7.23,0.159,18,106,0.99969,2.85,1.96,9.57,1
9.27,0.22,0.507,10.98,0.063,62,170,0.99226,3.65,0.74,11.91,1
4.94,1.442,0.874,10.02,0.189,36,34,1.00399,3.34,1.08,13.35,2
4.3,0.921,0.494,10.78,0.034,52,119,0.99575,2.92,0.35,12.34,4
15.55,1.326,0.702,0.62,0.176,19,112,1.00094,3.65,0.98,9.62,3
14.03,0.778,0.993,3.66,0.194,44,135,0.99031,2.84,1.27,8.01,1
12.35,1.065,0.131,10.09,0.044,7,89,0.99308,3.84,1.92,13.3,10
8.91,0.89,0.275,7.52,0.147,44,276,0.99731,2.97,1.18,14.9,9
6.08,1.197,0.395,0.58,0.018,68,249,1.00317,2.95,1.69,13.67,1
5.88,0.222,0.422,12.17,0.087,34,219,0.99791,3.01,1.23,11.22,5
7.0,0.191,0.411,11.71,0.108,66,171,1.00395,3.95,0.37,14.33,6
10.59,0.471,0.908,8.45,0.12,69,284,0.99726,3.63,0.84,10.87,9
12.58,0.339,0.714,1.46,0.188,55,64,0.99736,3.76,1.28,11.67,5
11.92,1.408,0.608,11.61,0.138,10,95,0.9918,3.28,1.92,11.34,6
7.36,0.429,0.309,8.96,0.101,42,199,1.00204,3.2,1.76,11.13,0
15.46,1.564,0.824,11.84,0.164,41,128,0.9937,3.08,0.69,13.43,5
12.85,0.605,0.955,11.4,0.191,69,141,1.00349,3.38,0.67,11.69,10
10.65,0.373,0.821,12.14,0.014,10,144,1.00366,3.46,0.64,10.22,2
11.34,1.285,0.002,8.01,0.197,10,234,1.00415,3.56,1.87,9.81,0
9.04,1.088,0.636,2.53,0.026,60,279,0.9978,3.11,1.75,8.26,7
6.97,0.847,0.051,10.23,0.165,51,55,1.00016,3.94,1.62,12.08,3
8.27,0.933,0.258,9.5,0.063,21,123,1.00168,3.0,0.97,9.61,9
13.09,1.179,0.06,11.26,0.035,8,207,0.99197,3.96,1.16,9.04,7
4.17,0.443,0.604,2.96,0.094,65,196,0.99901,2.82,1.09,12.58,9
5.39,1.595,0.687,3.33,0.132,30,186,0.99051,3.38,0.73,12.77,10
4.55,1.562,0.114,13.41,0.082,49,83,0.99746,3.2,1.16,13.27,3
4.49,1.075,0.384,11.37,0.02,9,80,0.99232,3.34,0.35,11.53,3
14.27,0.399,0.456,13.67,0.124,17,286,0.99274,3.48,0.52,14.26,9
12.44,1.12,0.369,11.5,0.181,69,26,0.99548,3.32,1.81,14.55,3
9.69,0.208,0.121,9.16,0.083,58,176,0.99649,3.3,1.58,13.65,5
5.17,0.146,0.419,9.98,0.051,57,20,0.99935,3.68,1.02,12.45,8
9.9,0.487,0.751,13.39,0.094,62,216,0.99112,3.62,1.18,10.13,4
9.68,0.794,0.071,8.89,0.019,52,53,0.99756,3.8,0.93,14.88,9
6.08,1.402,0.08,9.67,0.166,61,91,0.99274,3.1,1.56,9.92,7
9.21,1.191,0.355,2.77,0.167,40,154,0.99861,3.53,1.63,9.42,7
8.78,1.214,0.942,7.37,0.122,38,193,0.99956,3.5,1.6,11.1,3
11.39,0.738,0.669,10.89,0.077,43,156,0.99835,3.24,1.53,8.4,10
11.62,0.619,0.679,4.43,0.162,63,146,1.00107,3.38,0.65,14.85,9
4.54,0.657,0.362,3.43,0.115,19,74,0.99503,3.18,0.87,12.12,8
8.5,1.581,0.594,5.05,0.167,50,265,1.00148,2.97,1.1,11.9,8
11.51,0.16,0.01,4.0,0.13,33,14,0.99649,3.06,0.86,12.59,4
10.04,1.401,0.636,3.62,0.159,13,126,0.99726,2.93,1.58,11.48,5
14.28,0.968,0.913,6.66,0.124,62,106,0.99972,3.62,0.86,8.22,4
11.9,0.758,0.613,13.66,0.089,43,154,0.99028,3.59,0.53,12.29,2
5.96,1.188,0.874,7.85,0.192,49,151,0.99981,3.94,0.98,13.01,10
4.85,0.83,0.724,3.22,0.113,36,248,0.99928,3.68,1.97,10.92,7
11.71,1.41,0.121,1.62,0.125,10,246,0.99465,2.86,0.68,13.3,8
4.32,1.451,0.902,10.59,0.052,6,48,0.99129,3.86,1.34,9.59,3
11.03,0.733,0.066,6.05,0.129,57,100,0.99136,3.84,1.04,9.55,8
15.28,0.515,0.534,12.42,0.119,1,231,1.00385,3.33,0.42,9.13,8
10.91,0.989,0.142,10.06,0.045,71,11,1.00034,3.5,1.13,10.6,6
8.66,1.469,0.012,12.05,0.021,58,219,0.99191,3.97,1.49,13.93,7
11.72,0.416,0.422,4.44,0.125,21,211,0.99535,3.44,1.17,13.8,2
9.5,1.034,0.295,10.54,0.155,56,72,0.99889,3.89,1.78,10.68,4
10.55,1.047,0.486,4.33,0.109,20,105,1.00253,2.9,0.79,12.12,2
15.3,1.2,0.577,14.12,0.053,54,17,0.99065,3.03,0.45,13.05,6
8.63,0.297,0.044,9.73,0.137,25,242,0.99355,3.33,1.89,9.69,5
15.53,1.174,0.123,5.21,0.025,28,263,1.00335,3.5,0.94,9.18,10
14.86,1.464,0.559,4.41,0.094,5,140,0.99014,3.78,1.28,14.8,2
6.35,0.37,0.343,3.27,0.041,21,227,0.99302,3.99,1.65,12.32,8
4.83,0.456,0.729,10.57,0.045,18,161,1.00439,3.27,0.85,14.87,0
5.21,1.557,0.652,3.67,0.048,47,147,0.9992,2.86,1.52,10.36,9
4.22,0.371,0.846,9.13,0.083,70,163,0.99393,3.76,0.53,12.92,2
5.13,1.382,0.692,4.34,0.02,57,267,0.991,3.53,0.8,9.56,10
12.2,0.838,0.43,10.1,0.086,19,288,0.99042,3.04,0.55,9.83,9
4.85,0.471,0.673,12.32,0.107,65,234,0.99367,3.39,1.68,11.58,10
7.83,1.406,0.275,11.78,0.102,3,285,1.00322,3.69,0.68,10.24,6
14.14,0.768,0.306,11.53,0.083,42,295,0.99624,3.72,1.52,9.17,2
4.28,0.872,0.789,3.22,0.169,21,173,1.00081,3.4,1.9,9.84,2
13.77,0.639,0.446,1.78,0.038,40,52,1.00377,3.17,1.2,8.25,1
7.38,0.989,0.798,10.63,0.106,67,208,0.99612,3.97,1.22,12.93,8
5.42,0.345,0.822,5.84,0.022,25,219,0.99287,3.6,1.08,11.44,10
12.36,0.687,0.858,6.77,0.024,55,251,0.99776,3.29,0.85,8.66,3
11.55,1.554,0.917,0.95,0.119,52,29,1.00362,3.14,1.11,9.2,9
14.53,0.487,0.431,4.26,0.118,44,279,1.00207,3.68,1.32,8.72,5
12.82,1.085,0.319,0.99,0.177,56,49,0.99099,3.09,1.98,12.29,1
13.64,0.588,0.582,13.25,0.116,55,161,1.00039,3.01,1.89,8.66,8
7.38,1.26,0.371,4.03,0.192,70,204,0.99858,3.44,1.77,13.28,6
6.13,0.296,0.601,8.58,0.019,73,167,1.00361,3.15,1.81,8.14,9
13.01,1.555,0.706,1.07,0.029,66,239,0.99184,3.55,1.1,9.75,4
13.68,0.781,0.688,10.17,0.018,19,168,0.99801,2.94,1.42,14.23,6
15.89,0.454,0.375,5.18,0.045,7,121,1.00319,3.59,1.82,13.03,3
8.95,0.21,0.167,13.52,0.113,63,98,0.99615,3.14,0.97,8.51,9
8.46,0.355,0.431,13.38,0.133,42,47,0.99723,2.8,1.93,13.75,6
13.32,0.88,0.143,5.22,0.019,42,289,0.99106,2.95,1.01,11.45,1
8.09,0.606,0.89,13.56,0.19,59,215,0.99417,3.92,1.32,13.93,6
15.17,1.343,0.346,14.94,0.17,20,211,0.99487,3.84,1.51,12.21,3
14.3,0.746,0.154,12.47,0.066,73,225,1.00418,3.08,1.92,12.77,3
9.15,0.473,0.025,12.75,0.025,17,285,0.99424,3.73,0.72,14.95,0
13.01,1.026,0.646,4.11,0.042,27,141,0.99691,3.53,1.57,9.63,2
13.05,1.16,0.637,8.86,0.034,47,111,1.00007,3.97,1.19,12.37,4
5.24,0.351,0.341,1.48,0.033,2,123,0.99243,3.25,0.76,11.22,4
14.83,0.351,0.072,1.88,0.109,63,242,0.9973,3.62,1.62,8.28,1
10.06,0.155,0.41,14.98,0.057,62,105,1.00108,2.88,1.24,8.1,3
13.92,1.205,0.311,5.24,0.078,19,266,1.003,3.28,1.42,8.83,0
7.84,1.096,0.677,11.35,0.198,17,291,0.99939,3.96,0.85,12.54,8
14.75,0.812,0.606,12.2,0.14,69,108,1.00004,3.45,1.12,11.97,0
8.67,1.366,0.365,12.94,0.19,39,68,0.99189,3.15,1.35,11.87,5
4.13,1.309,0.218,14.97,0.037,71,180,1.00419,2.94,0.99,8.22,6
14.86,0.978,0.988,4.0,0.083,39,287,0.99199,3.64,0.64,11.29,2
5.1,1.402,0.454,1.09,0.115,36,298,1.00162,3.57,1.93,14.47,0
7.83,0.409,0.688,6.46,0.025,40,231,0.99397,3.25,1.17,10.78,6
15.4,0.268,0.141,2.39,0.011,45,12,1.004,3.94,1.55,12.37,2
15.41,0.505,0.486,0.83,0.137,4,132,1.0008,2.83,1.0,13.46,9
10.88,0.186,0.028,5.73,0.132,25,97,1.00131,3.16,0.9,13.49,5
11.58,0.897,0.505,11.86,0.088,69,195,0.99329,3.91,0.99,11.63,5
9.38,1.505,0.964,8.71,0.103,30,58,0.99665,3.19,1.0,14.01,3
7.52,0.159,0.384,5.04,0.089,68,247,0.99927,3.1,1.23,10.74,10
7.94,0.283,0.039,9.99,0.015,29,137,1.00155,3.44,1.22,14.22,5
12.07,0.778,0.031,3.86,0.074,73,117,0.99156,3.79,1.15,9.68,10
13.03,1.501,0.388,0.71,0.044,68,12,1.00444,2.92,0.53,9.96,9
13.5,0.574,0.16,11.58,0.029,51,235,1.00335,3.93,1.14,8.37,3
13.48,0.861,0.023,9.54,0.192,24,161,0.99406,3.75,0.59,13.57,7
5.09,0.162,0.756,11.55,0.124,14,202,1.00234,3.02,0.51,10.92,8
9.93,0.323,0.459,1.06,0.148,69,228,0.99777,3.65,1.89,9.6,1
4.69,1.58,0.289,12.64,0.07,18,255,0.99693,3.26,1.33,9.62,6
10.59,1.548,0.9,9.48,0.085,42,88,0.99472,3.28,1.42,14.31,8
9.3,0.107,0.116,8.67,0.055,57,245,0.99871,3.74,0.98,13.84,8
14.65,1.528,0.956,9.56,0.028,12,268,1.00095,3.96,1.85,11.87,4
8.21,1.059,0.314,13.03,0.044,17,194,0.99616,2.95,1.38,12.31,0
5.4,1.402,0.888,9.01,0.162,30,295,0.99944,3.3,1.61,11.32,5
5.72,0.782,0.603,8.92,0.139,23,63,1.00049,3.38,0.93,10.74,7
13.14,0.873,0.827,14.86,0.114,1,14,1.00067,3.25,1.93,14.41,0
11.42,0.833,0.984,11.47,0.1,32,120,0.99078,3.24,1.69,8.88,1
5.21,1.1,0.288,6.91,0.185,9,215,1.0029,2.86,1.75,10.93,0
5.01,0.309,0.961,10.76,0.024,15,46,0.99687,3.62,0.59,10.41,4
12.41,0.145,0.389,6.14,0.063,28,178,0.99394,3.32,0.76,11.49,1
4.87,0.562,0.386,3.82,0.076,24,239,0.99363,3.03,0.79,11.2,9
13.86,1.157,0.34,9.15,0.159,60,286,0.99725,3.78,0.76,11.63,9
12.47,0.403,0.541,13.96,0.199,35,83,1.0033,3.76,1.75,8.98,3
4.98,1.11,0.154,13.97,0.056,27,113,0.99568,3.38,0.35,11.59,0
5.02,1.555,0.554,5.46,0.176,20,286,1.00125,3.16,0.43,9.7,6
15.84,0.241,0.542,8.15,0.168,65,44,0.99145,3.57,0.77,9.29,7
8.49,1.109,0.762,3.57,0.053,49,124,0.99714,3.15,0.64,8.45,4
8.45,0.766,0.834,14.94,0.086,1,32,1.00488,3.08,0.69,13.34,1
13.75,1.402,0.44,14.73,0.088,10,109,1.00156,3.68,1.66,10.99,7
15.37,0.366,0.302,9.92,0.196,47,79,0.99316,2.85,1.26,12.39,0
15.83,1.139,0.259,12.16,0.044,59,196,0.99752,2.91,0.31,13.09,6
13.04,1.357,0.195,10.87,0.162,62,152,0.9935,2.81,1.03,12.76,0
8.52,1.517,0.058,9.1,0.073,18,260,0.99614,2.98,0.99,11.29,5
5.0,1.125,0.342,1.27,0.149,46,289,1.0017,2.88,0.49,10.72,5
13.33,0.846,0.27,7.09,0.09,32,218,1.00157,3.99,1.45,10.63,4
10.7,1.027,0.966,10.28,0.12,27,128,0.99342,3.15,1.49,12.48,1
9.09,1.403,0.558,10.32,0.168,18,211,1.00383,2.98,1.53,11.46,1
14.88,0.956,0.347,5.91,0.163,39,245,0.99889,3.09,1.54,13.94,8
5.33,0.146,0.58,14.15,0.175,49,291,0.9957,3.92,0.3,14.12,4
9.91,1.496,0.139,2.93,0.021,44,27,0.99753,3.42,1.92,9.19,4
4.14,1.134,0.444,7.76,0.141,72,264,0.99908,3.24,1.68,8.95,6
9.62,1.115,0.626,10.52,0.037,54,110,0.9984,3.85,1.84,12.41,5
4.68,0.424,0.489,10.61,0.089,34,263,0.9973,3.27,0.33,10.11,1
5.43,1.088,0.402,9.91,0.114,71,209,0.99757,3.2,1.89,8.13,10
5.41,0.691,0.994,4.49,0.087,36,267,0.99265,3.05,1.68,14.22,0
11.79,1.077,0.88,2.76,0.109,18,112,1.00219,3.25,1.72,9.59,4
12.95,0.26,0.623,9.72,0.199,38,256,0.99813,3.18,0.46,14.5,3
11.0,1.087,0.569,9.19,0.036,59,226,0.99197,3.61,1.56,13.02,2
15.55,1.599,0.621,3.1,0.138,9,227,1.00149,3.15,1.93,13.34,1
8.5,0.172,0.201,10.72,0.085,73,263,1.00399,3.49,1.45,9.41,9
7.43,1.566,0.395,7.1,0.035,72,206,1.00421,2.88,1.27,9.64,1
14.42,0.71,0.039,10.18,0.04,51,263,0.99554,3.03,1.91,11.65,3
6.68,1.406,0.476,12.64,0.19,35,230,0.99203,3.29,1.05,9.2,1
15.56,1.274,0.543,2.96,0.177,5,207,0.99778,3.92,1.32,10.14,3
4.15,0.951,0.228,0.78,0.182,14,231,0.99169,3.25,1.11,10.25,2
15.64,1.208,0.964,11.8,0.198,30,241,1.00401,3.6,1.89,9.12,8
4.52,1.418,0.909,9.34,0.05,4,188,0.99275,3.11,0.43,9.44,6
14.69,0.706,0.722,10.64,0.078,39,205,0.99379,2.95,1.15,13.52,10
10.33,0.591,0.533,12.65,0.137,64,251,0.9961,2.87,1.47,9.17,2
15.92,1.101,0.87,12.14,0.102,25,116,0.99575,3.17,1.65,8.2,7
4.89,1.312,0.131,14.43,0.089,28,11,1.00192,2.99,1.29,12.41,8
10.65,1.243,0.791,8.27,0.078,66,241,0.99684,3.01,1.85,14.83,6
15.63,1.297,0.125,7.58,0.123,22,132,0.99256,3.71,1.9,10.32,5
10.28,0.753,0.794,6.33,0.119,31,109,0.99401,2.82,0.41,8.83,3
11.55,1.327,0.276,2.73,0.041,23,242,0.99764,3.47,0.98,11.99,4
12.35,0.28,0.877,8.8,0.1,48,160,0.99221,3.26,0.34,14.34,7
9.45,0.917,0.944,4.52,0.115,20,262,0.99917,3.41,0.86,13.49,2
11.53,0.109,0.149,13.86,0.118,38,240,0.99849,3.48,1.21,12.36,1
11.01,0.587,0.463,8.96,0.05,55,294,1.00072,3.18,1.85,10.21,2
14.81,0.65,0.981,9.1,0.151,68,45,1.00407,3.15,1.74,11.79,6
4.55,0.694,0.483,5.65,0.015,1,293,1.00368,3.68,0.52,8.64,7
7.37,1.143,0.864,1.25,0.077,7,202,1.00419,3.85,0.46,12.75,0
15.4,0.683,0.589,0.96,0.158,57,278,0.99367,3.03,1.3,13.08,6
14.68,0.773,0.375,6.64,0.117,12,269,0.99197,2.92,1.2,14.76,8
9.47,0.456,0.286,1.73,0.06,5,62,0.99453,3.88,0.75,9.82,2
11.44,0.66,0.203,9.3,0.142,50,103,1.00343,3.22,1.83,8.13,2
7.33,0.441,0.762,13.27,0.118,42,142,1.00458,3.46,1.88,11.82,7
6.26,0.21,0.387,13.3,0.161,12,92,1.00289,3.23,0.98,12.95,3
9.56,1.005,0.511,10.06,0.15,18,247,0.99165,2.95,1.81,13.53,7
8.24,1.102,0.492,3.56,0.126,66,204,1.00421,3.51,0.95,9.36,4
11.0,1.029,0.577,13.01,0.103,74,89,0.99635,3.43,1.55,9.83,2
4.93,0.795,0.866,13.35,0.035,17,247,0.99014,3.04,1.11,11.59,3
15.69,0.67,0.981,3.35,0.06,68,286,0.99664,3.34,0.51,10.31,3
15.83,1.395,0.408,11.19,0.09,71,257,0.99069,3.76,1.88,14.02,7
12.38,0.879,0.828,4.65,0.124,62,195,0.99816,3.51,1.07,11.32,5
10.43,0.819,0.765,12.14,0.108,41,157,0.99508,2.92,1.55,13.6,6
7.71,0.138,0.574,14.96,0.065,34,283,0.9971,3.46,0.92,12.06,8
13.77,0.612,0.956,0.94,0.011,70,144,0.9992,3.64,0.33,13.41,5
12.22,0.67,0.2,13.51,0.104,45,181,1.00303,3.75,0.47,10.33,2
5.95,0.698,0.109,9.53,0.064,58,13,0.99993,3.55,1.14,13.82,2
14.93,0.97,0.854,14.61,0.15,51,240,0.99651,2.98,1.47,9.92,10
13.87,0.9,0.439,7.24,0.015,34,168,1.00229,3.65,0.87,11.82,2
15.4,1.012,0.847,12.79,0.121,44,54,1.00358,3.61,1.48,9.5,9
12.71,1.247,0.893,1.4,0.189,15,43,0.9918,2.83,1.49,11.33,1
11.36,1.319,0.062,5.36,0.043,70,141,0.99798,3.29,1.5,10.23,0
9.02,1.177,0.883,1.47,0.1,50,224,0.99427,3.2,1.14,9.87,10
15.19,1.533,0.448,14.64,0.027,32,39,0.99071,3.6,1.86,14.77,9
14.39,0.127,0.51,12.35,0.129,67,84,1.00003,3.06,1.13,9.12,0
4.54,0.394,0.627,12.86,0.115,3,241,1.00294,3.51,1.07,13.51,3
4.32,0.111,0.926,14.1,0.087,74,278,0.99244,3.9,0.64,14.89,2
8.52,1.071,0.019,1.73,0.109,51,166,1.00219,3.76,0.82,8.14,4
13.73,1.447,0.477,6.09,0.18,67,180,1.0028,3.91,0.37,12.89,8
15.85,0.465,0.688,1.53,0.047,48,226,1.00372,3.97,1.38,9.77,7
5.81,1.491,0.723,3.56,0.014,17,14,0.99398,2.81,0.72,8.28,8
11.13,0.19,0.693,3.83,0.174,7,294,1.00356,3.55,0.82,10.82,4
8.57,1.502,0.134,7.3,0.12,13,118,0.99481,3.3,1.61,14.55,7
15.64,0.627,0.299,4.39,0.179,66,210,0.99829,3.83,0.86,8.08,3
14.11,0.252,0.359,1.96,0.123,4,191,0.99076,3.1,0.71,12.12,4
14.06,0.829,0.804,2.93,0.164,10,202,0.99066,3.98,0.59,11.51,2
9.62,0.485,0.279,2.64,0.092,17,271,1.00081,3.54,1.62,14.11,4
8.98,0.527,0.211,14.61,0.152,52,267,0.99667,3.75,0.52,8.59,2
7.28,0.561,0.957,11.51,0.183,6,253,0.99384,2.9,1.07,12.77,4
4.68,1.305,0.009,14.53,0.119,69,120,0.99286,3.02,1.16,12.76,10
14.38,0.909,0.998,6.88,0.044,74,126,1.00005,3.71,1.47,12.68,4
13.75,0.567,0.677,4.54,0.061,9,146,0.99001,2.83,1.38,14.6,5
16.0,1.016,0.828,12.08,0.048,21,70,1.00209,3.78,1.68,13.76,8
15.96,1.174,0.295,5.23,0.057,24,281,0.99119,2.82,0.38,8.29,0
10.67,0.509,0.014,4.84,0.068,4,244,0.99287,3.59,0.8,11.3,9
13.23,0.72,0.738,3.87,0.115,24,15,0.99579,3.24,0.78,10.79,5
15.34,0.283,0.834,2.38,0.122,59,238,0.99727,3.53,0.55,10.17,0
14.2,0.372,0.74,4.22,0.091,3,200,0.99532,3.64,0.79,11.16,5
6.97,1.122,0.143,5.65,0.127,68,17,0.99481,3.21,0.83,10.69,1
9.41,0.372,0.753,10.27,0.025,40,182,1.00446,2.93,1.19,11.03,7
5.55,0.888,0.769,1.41,0.027,48,182,0.99962,2.88,1.43,14.85,10
15.45,1.164,0.659,3.55,0.043,54,222,0.99035,3.51,0.95,8.62,2
11.27,0.26,0.766,12.23,0.108,35,16,0.99645,3.42,1.52,14.46,9
6.74,0.951,0.846,2.63,0.051,56,123,1.00313,3.69,0.87,11.36,5
12.06,0.485,0.614,5.47,0.064,40,169,0.99452,3.41,0.79,12.37,5
11.42,1.544,0.089,13.04,0.086,68,44,0.99142,3.31,1.22,13.81,3
8.3,0.825,0.488,2.75,0.164,46,58,1.00138,3.28,0.34,10.52,4
5.36,1.309,0.078,1.7,0.013,13,223,0.99909,2.83,0.44,11.01,1
12.06,0.925,0.408,7.53,0.133,27,211,0.99855,3.2,1.01,10.87,9
10.24,0.165,0.407,4.89,0.137,6,61,0.9908,3.97,1.9,10.62,9
13.27,1.05,0.066,8.67,0.162,17,123,0.99211,3.85,1.53,14.48,7
10.24,1.527,0.349,12.16,0.187,36,258,0.99934,3.2,0.45,13.8,9
14.23,1.002,0.111,2.49,0.014,2,291,0.99312,3.51,1.74,8.76,6
10.62,1.329,0.808,8.92,0.039,52,273,0.99756,3.82,1.54,8.76,9
10.73,1.426,0.948,7.83,0.178,66,296,0.99817,3.33,1.34,11.0,5
14.52,0.442,0.072,2.59,0.097,52,185,0.99425,2.82,1.69,8.69,6
8.84,0.418,0.955,9.55,0.117,43,240,1.00423,2.89,0.99,12.33,0
5.61,1.016,0.523,4.47,0.136,22,201,1.00264,3.41,0.68,9.01,4
4.35,0.717,0.3,7.57,0.139,55,85,1.00084,3.96,1.17,11.66,6
13.06,1.36,0.077,1.69,0.187,67,140,0.99117,3.63,1.23,8.05,0
11.44,1.45,0.501,7.16,0.199,60,27,0.99159,2.89,1.22,10.22,1
12.45,0.63,0.795,4.94,0.147,58,230,0.99739,3.03,1.26,12.74,8
6.56,0.455,0.707,12.42,0.065,12,63,0.99241,3.73,1.91,11.39,2
5.64,1.271,0.05,1.33,0.177,69,98,1.00467,3.81,1.83,14.85,5
4.17,0.512,0.073,6.57,0.019,39,197,0.99238,3.54,1.79,14.12,6
8.21,1.334,0.403,7.15,0.054,13,108,0.99731,3.57,1.66,10.51,8
11.08,0.736,0.295,11.01,0.181,41,12,0.99546,2.83,1.9,8.32,4
8.71,1.101,0.232,8.83,0.059,57,133,0.99959,3.79,0.47,13.92,3
9.25,0.243,0.281,10.17,0.052,53,60,0.99194,3.75,0.75,14.38,10
14.85,1.036,0.803,11.77,0.036,12,236,0.99645,3.11,1.14,13.74,1
8.18,0.778,0.929,13.0,0.173,13,67,0.99412,3.65,1.74,8.9,2
10.17,0.98,0.405,5.05,0.105,74,245,1.00332,3.06,1.16,14.99,4
13.4,0.352,0.906,8.3,0.138,57,95,0.99061,2.85,1.57,9.81,10
8.76,1.205,0.321,12.68,0.055,40,237,1.00371,3.04,0.54,13.07,1
11.47,1.394,0.476,14.85,0.154,45,238,1.00249,3.01,0.73,14.36,3
14.35,0.425,0.226,13.4,0.154,35,297,0.99446,3.21,1.54,9.65,0
15.39,0.244,0.64,5.89,0.069,3,157,1.00184,3.3,0.58,14.36,3
5.76,0.135,0.979,3.33,0.088,5,150,0.99047,3.41,0.9,10.17,6
15.12,1.063,0.603,7.6,0.05,11,135,1.0045,3.37,0.75,14.83,2
9.91,1.011,0.358,11.25,0.196,71,146,0.9979,3.12,0.89,9.97,9
7.1,0.92,0.648,7.64,0.133,56,98,0.99455,2.84,1.5,14.67,7
9.51,0.448,0.123,7.51,0.188,10,119,0.99544,3.53,0.93,8.37,5
15.76,0.686,0.889,12.65,0.068,34,289,0.991,3.27,1.24,12.96,5
9.91,0.992,0.503,5.74,0.159,67,148,1.00484,3.16,0.47,11.72,0
7.95,0.845,0.449,12.97,0.156,72,228,0.99059,3.84,1.67,11.35,4
11.6,1.582,0.586,6.4,0.141,31,237,0.99982,3.7,0.93,9.56,2
6.88,0.305,0.625,5.26,0.193,71,38,0.99664,3.83,1.4,12.94,9
4.91,1.143,0.072,7.08,0.085,66,281,1.00423,3.39,1.53,9.34,0
5.55,0.706,0.683,11.56,0.035,70,175,0.99369,2.96,0.66,11.87,7
5.54,0.742,0.242,2.33,0.138,41,145,0.99798,3.64,1.8,9.77,6
5.82,1.176,0.714,3.35,0.149,63,206,0.99724,3.05,1.35,14.69,6
5.67,1.139,0.823,14.3,0.119,32,28,1.00054,3.33,1.03,8.2,9
11.69,1.587,0.804,3.04,0.049,20,229,0.99102,2.88,0.61,9.4,9
6.18,0.293,0.553,8.73,0.106,57,275,0.99291,3.79,1.9,9.7,9
8.15,0.256,0.52,8.9,0.069,50,158,0.99322,2.95,1.58,10.9,3
14.76,1.187,0.143,7.6,0.091,25,90,1.00107,3.88,0.65,9.63,10
9.69,0.968,0.775,9.85,0.133,12,114,0.99284,3.84,0.87,11.44,5
12.01,0.511,0.271,3.83,0.152,71,36,0.9986,3.36,1.68,14.11,8
6.07,0.219,0.497,8.51,0.054,39,234,0.99323,3.69,1.48,12.98,2
6.31,0.228,0.284,5.9,0.087,17,245,1.00292,3.54,1.6,12.06,8
4.49,1.441,0.134,10.09,0.061,45,146,1.00413,3.76,1.05,8.62,3
6.03,0.388,0.63,2.55,0.048,11,161,0.99778,3.32,1.52,12.86,4
7.34,0.585,0.054,8.78,0.159,70,104,0.99528,3.74,0.96,9.16,6
6.12,0.44,0.749,3.19,0.183,23,52,0.99351,3.35,0.66,13.5,5
5.06,0.632,0.318,4.54,0.08,70,72,0.99075,3.93,1.38,9.75,9
5.45,0.204,0.0,3.67,0.153,38,67,0.99403,3.38,1.96,10.92,7
9.53,0.879,0.511,3.15,0.18,2,114,0.99981,3.36,0.83,10.45,7
6.48,0.201,0.047,12.47,0.171,72,172,0.998,3.74,1.08,14.01,7
8.37,1.301,0.276,4.64,0.045,37,42,1.00416,3.79,1.45,8.89,2
10.04,0.451,0.707,13.94,0.192,49,124,0.99594,3.47,1.22,11.96,9
12.28,0.91,0.063,14.56,0.082,52,91,1.00041,3.02,1.73,8.99,5
4.47,1.42,0.839,8.78,0.074,33,57,0.99734,3.36,1.59,12.93,6
13.59,1.076,0.004,2.57,0.022,22,96,0.99769,3.96,0.4,14.34,8
11.53,0.899,0.247,5.93,0.102,5,294,0.99402,3.7,2.0,11.04,9
4.98,0.587,0.741,12.07,0.031,18,209,0.99682,3.77,1.58,11.42,9
14.48,0.6,0.316,5.83,0.057,38,243,0.99706,2.84,1.77,14.49,3
15.05,1.104,0.102,1.76,0.07,37,160,1.0006,3.36,1.41,11.65,4
4.73,1.591,0.36,8.57,0.164,64,245,1.00411,3.58,1.76,11.41,7
7.32,1.093,0.27,12.75,0.176,10,141,0.99494,3.8,0.49,12.05,0
13.67,0.937,0.843,12.04,0.067,42,69,0.99063,2.86,0.89,12.82,5
12.98,1.196,0.313,3.04,0.173,48,128,0.99744,3.82,1.79,8.75,3
6.21,0.798,0.789,10.26,0.173,44,259,0.99817,3.46,0.64,13.75,4
6.51,0.19,0.892,3.7,0.155,16,119,0.99253,3.04,0.43,11.05,10
8.45,0.943,0.434,3.66,0.038,54,25,1.00141,3.18,1.64,8.51,4
9.81,1.536,0.91,13.17,0.141,35,21,1.00477,3.14,1.72,13.5,1
11.42,0.363,0.377,4.12,0.19,28,150,1.00419,3.44,0.58,10.64,7
8.43,1.135,0.964,4.32,0.14,2,213,0.99296,2.86,1.75,8.7,1
9.55,0.401,0.089,0.51,0.073,13,24,1.00313,2.99,1.47,12.44,3
12.97,0.904,0.687,13.12,0.105,41,171,1.00057,3.78,1.18,14.16,4
4.44,0.245,0.494,11.99,0.133,59,43,0.99681,2.96,1.71,14.21,0
7.03,0.776,0.388,9.6,0.107,69,186,0.99811,3.08,1.01,14.7,5
12.56,1.234,0.633,11.38,0.033,53,110,1.00274,3.34,0.63,14.07,1
14.74,0.621,0.704,2.7,0.069,45,105,0.9972,3.42,0.78,8.01,4
10.14,1.097,0.004,7.15,0.162,20,95,0.9956,3.72,1.16,10.66,5
10.39,1.293,0.167,5.59,0.174,24,84,0.9974,3.34,1.2,13.73,10
5.29,1.491,0.713,1.86,0.036,61,78,0.99869,3.75,1.67,10.56,7
9.37,0.452,0.666,7.55,0.191,58,181,0.99284,3.54,1.65,12.21,8
10.39,0.699,0.966,13.85,0.072,27,101,1.00351,2.94,1.29,12.24,5
6.91,0.329,0.761,1.08,0.136,26,108,1.00011,2.99,1.63,10.56,4
7.23,1.589,0.951,4.73,0.153,7,229,0.9995,3.32,0.63,14.33,3
8.53,1.491,0.703,3.51,0.164,42,11,0.99149,3.28,0.39,11.52,1
4.24,0.91,0.298,3.95,0.19,47,127,0.99906,3.69,1.79,11.25,1
7.86,1.363,0.105,13.67,0.069,53,241,0.99181,3.5,0.43,14.98,6
6.54,0.881,0.782,7.29,0.173,59,121,0.99118,3.27,0.72,11.45,4
7.93,1.035,0.644,7.26,0.035,38,168,0.99791,3.0,1.48,9.25,6
5.44,0.234,0.048,11.53,0.144,69,231,0.99604,3.07,1.0,11.59,10
14.69,1.233,0.36,2.74,0.151,53,235,0.99883,3.49,1.79,13.7,0
11.12,0.292,0.957,7.57,0.139,15,187,0.99134,3.31,0.81,13.44,0
12.15,1.339,0.5,6.73,0.058,26,254,0.99646,3.42,0.32,13.52,4
13.47,1.273,0.433,9.16,0.176,48,215,0.99262,3.0,0.81,12.96,1
9.98,1.163,0.458,14.99,0.042,19,149,1.00481,3.6,1.28,9.78,7
5.04,0.154,0.209,11.66,0.02,9,101,0.99842,3.82,0.94,14.03,2
10.45,0.555,0.369,6.27,0.146,64,249,1.00031,3.11,1.21,14.25,0
11.04,0.495,0.37,12.5,0.1,54,91,0.99488,3.39,1.79,9.36,1
12.95,0.64,0.052,2.98,0.171,51,189,0.99142,3.97,1.85,8.91,9
9.18,0.231,0.768,0.94,0.083,39,126,1.00464,3.2,0.75,14.83,9
5.53,1.505,0.417,3.46,0.042,4,97,0.99429,3.51,1.09,14.08,6
7.41,0.931,0.822,5.44,0.169,3,75,0.99636,2.91,1.23,14.25,5
8.36,0.558,0.85,7.9,0.114,64,138,0.99975,3.53,1.91,14.2,7
11.75,0.695,0.212,9.42,0.046,29,284,0.99037,2.91,2.0,11.79,6
10.85,0.771,0.657,13.7,0.147,11,142,1.00215,3.95,0.7,12.52,9
8.27,1.001,0.472,7.89,0.107,58,192,0.99805,3.66,1.54,11.82,7
15.84,0.874,0.88,7.77,0.125,27,226,0.99417,3.75,0.94,8.36,2
11.27,1.479,0.216,1.23,0.098,21,51,0.99092,3.64,0.31,13.22,5
6.85,0.845,0.678,1.01,0.167,39,283,0.99244,3.51,0.32,11.54,6
5.22,1.588,0.608,8.49,0.168,46,197,1.00343,3.34,1.08,12.53,9
5.83,1.377,0.295,6.85,0.145,66,13,1.00029,3.83,1.13,11.52,10
6.95,0.413,0.137,12.67,0.03,36,281,0.99375,3.95,0.34,11.44,0
5.93,1.496,0.652,2.83,0.169,65,184,0.99098,3.4,1.47,9.2,0
6.24,0.275,0.739,0.86,0.137,63,44,1.00036,3.92,0.8,9.95,6
7.42,1.326,0.316,7.01,0.142,35,298,0.99859,3.5,1.25,9.11,10
6.08,0.671,0.645,3.94,0.079,31,183,0.99607,3.45,0.81,9.37,2
14.76,1.417,0.395,1.22,0.177,28,167,0.99545,3.35,0.58,14.81,2
4.96,1.402,0.713,11.01,0.148,1,109,0.99325,3.05,0.99,9.07,4
10.29,1.309,0.199,2.12,0.031,25,166,1.00004,2.8,0.69,9.88,10
8.92,1.285,0.89,9.32,0.087,43,292,1.00456,3.09,1.21,12.13,5
15.79,0.557,0.287,4.58,0.178,67,128,0.99264,3.41,0.64,12.27,1
5.34,0.221,0.368,3.02,0.019,63,59,0.99896,3.26,1.16,9.08,2
8.77,0.704,0.058,6.01,0.193,51,39,0.99636,3.34,0.57,13.56,5
15.63,0.36,0.112,12.12,0.139,2,247,0.9967,3.98,1.44,13.5,2
14.39,1.142,0.516,6.19,0.13,64,118,0.99381,3.22,1.58,9.66,4
13.8,0.619,0.268,11.39,0.061,74,28,1.00238,3.34,0.49,10.02,8
7.09,1.563,0.835,2.32,0.057,69,51,0.99728,2.96,1.1,14.57,2
6.05,1.061,0.015,11.71,0.189,9,140,0.99815,2.86,0.42,13.78,10
12.02,1.334,0.379,3.94,0.067,2,123,0.99457,3.73,1.32,12.88,5
15.15,0.299,0.337,10.32,0.157,34,194,0.99273,3.48,0.75,8.58,10
10.68,1.393,0.019,8.7,0.085,60,136,0.99129,3.71,1.2,10.93,4
10.86,1.484,0.124,13.97,0.036,61,217,1.00071,2.98,1.18,11.92,4
7.36,0.831,0.414,6.12,0.012,31,118,0.99294,3.49,1.87,9.31,10
13.23,1.009,0.493,1.46,0.113,10,49,1.00035,3.1,1.23,11.14,5
6.24,1.247,0.404,0.78,0.195,36,133,0.99586,3.07,1.29,12.21,5
7.88,0.362,0.531,12.49,0.08,49,163,0.99624,2.81,0.98,10.29,0
9.11,0.854,0.595,8.11,0.078,70,278,0.99704,2.96,1.91,13.47,10
10.09,0.698,0.01,11.74,0.075,49,50,0.99552,3.17,1.62,13.88,8
6.91,0.32,0.464,3.9,0.109,3,113,0.99151,2.94,0.79,10.27,4
5.38,0.651,0.963,5.5,0.094,74,224,0.99464,3.98,1.74,13.87,0
11.33,0.202,0.519,0.94,0.177,5,182,0.99996,3.17,1.04,8.73,7
7.46,0.139,0.678,14.44,0.106,61,233,0.99999,2.96,1.71,13.86,6
10.97,0.303,0.312,10.18,0.106,26,196,0.99429,3.04,1.7,9.07,6
5.85,1.545,0.774,14.03,0.036,72,165,0.9969,3.51,0.62,8.58,4
9.77,0.924,0.773,4.35,0.197,5,272,0.9929,2.88,1.49,12.49,0
10.39,1.549,0.521,9.37,0.057,15,195,0.99316,3.83,0.79,11.3,8
4.62,0.749,0.976,10.34,0.024,16,180,0.99035,3.95,0.81,14.36,10
8.04,0.568,0.126,5.1,0.136,1,295,1.00345,3.1,0.8,10.54,8
5.61,0.859,0.017,12.8,0.123,16,150,0.99316,3.34,1.53,10.01,7
4.76,0.759,0.77,14.23,0.089,37,237,0.99341,2.83,0.69,11.51,4
15.88,0.258,0.807,13.33,0.09,3,209,0.99419,3.57,0.3,11.19,2
7.87,1.061,0.12,11.22,0.159,52,218,0.99191,3.3,1.52,10.41,7
13.72,0.424,0.266,4.52,0.047,47,45,0.99959,3.12,0.59,12.86,0
7.06,1.029,0.018,4.58,0.166,13,280,0.99113,3.05,0.48,13.32,2
12.18,1.075,0.293,14.47,0.133,55,87,0.99201,3.58,0.7,13.97,10
13.12,0.328,0.773,0.65,0.09,21,186,0.99967,3.3,0.95,14.81,6
11.15,0.192,0.518,10.88,0.097,66,88,0.99509,3.02,1.11,9.87,3
9.66,1.271,0.348,10.74,0.059,54,267,1.00062,3.63,0.38,13.01,6
8.94,0.79,0.372,9.53,0.153,27,277,0.99836,3.48,1.95,10.76,10
8.19,0.187,0.001,14.86,0.107,38,205,0.99384,3.83,1.52,12.74,4
15.15,1.592,0.3,5.02,0.071,58,245,0.99976,2.94,0.85,11.33,5
13.97,0.187,0.646,5.43,0.123,62,185,0.99174,3.74,0.84,14.96,6
15.58,1.143,0.974,1.64,0.199,46,176,0.99805,3.61,1.06,13.1,9
5.49,1.576,0.847,6.92,0.093,11,182,0.99656,2.94,1.36,14.67,6
12.77,0.459,0.024,4.29,0.185,72,242,0.99402,3.63,0.55,13.84,6
15.26,0.313,0.899,5.48,0.076,8,143,0.99906,3.33,0.62,14.32,6
6.17,0.282,0.783,12.6,0.02,71,134,1.00307,3.93,1.76,13.7,10
4.8,0.555,0.78,14.06,0.049,64,54,1.00498,2.97,0.74,11.21,6
12.89,0.252,0.458,3.19,0.09,21,169,0.99912,3.57,0.95,9.76,2
10.89,1.138,0.398,5.9,0.052,72,282,0.99607,3.26,1.78,10.59,2
14.1,0.193,0.303,13.97,0.01,63,298,0.99338,3.95,1.43,8.14,6
5.68,0.864,0.066,1.4,0.184,64,121,0.99386,3.2,0.88,11.67,1
13.54,1.595,0.228,1.84,0.17,20,29,0.99719,3.95,1.46,11.54,1
6.42,1.321,0.247,2.86,0.151,8,30,0.99551,3.88,0.33,11.68,2
5.96,1.023,0.484,9.13,0.042,58,132,1.00371,3.12,1.55,14.82,3
5.97,0.559,0.747,2.68,0.033,46,239,0.99552,3.76,1.13,14.38,5
13.77,1.036,0.474,14.54,0.023,31,214,0.9956,3.99,1.68,9.13,7
11.98,0.891,0.058,6.98,0.148,9,98,0.99575,3.1,1.92,10.58,9
10.28,0.739,0.958,7.77,0.186,15,99,1.00255,3.32,1.87,10.97,9
8.31,0.296,0.943,4.08,0.092,26,230,0.99976,3.42,1.85,10.52,6
14.53,1.43,0.785,7.33,0.033,10,285,0.99921,3.15,1.17,13.59,3
8.71,0.775,0.991,10.1,0.107,29,16,0.99501,2.82,0.91,11.67,1
13.8,0.392,0.544,11.39,0.076,36,17,1.00227,3.06,1.09,12.0,1
9.27,0.652,0.963,11.43,0.081,37,40,0.99058,3.14,1.47,13.97,3
8.52,0.721,0.076,8.88,0.128,71,233,1.00306,3.33,1.8,13.64,5
9.55,1.341,0.366,13.61,0.147,23,225,0.99769,3.01,0.65,8.93,2
7.62,1.2,0.225,12.35,0.031,41,146,0.99597,3.85,1.86,13.0,5
12.97,1.254,0.196,11.48,0.017,28,28,0.99746,3.65,1.69,11.05,4
10.03,0.117,0.141,1.31,0.199,48,88,1.00001,2.9,1.96,10.06,4
6.79,0.724,0.622,0.6,0.054,38,234,0.99019,3.58,1.8,8.35,1
14.79,0.822,0.781,3.58,0.02,31,85,1.00307,3.58,0.78,11.41,7
8.61,0.129,0.578,10.12,0.046,14,295,0.9967,3.95,0.48,10.49,4
10.52,0.49,0.147,6.46,0.017,73,164,0.99514,2.8,0.49,9.76,10
14.88,1.24,0.811,6.33,0.084,29,133,0.99207,3.1,0.8,12.86,1
11.49,0.306,0.636,13.33,0.162,51,195,0.99659,3.91,1.34,13.39,6
5.4,0.903,0.388,13.49,0.075,49,36,0.99744,3.92,1.67,9.71,8
15.28,0.423,0.674,13.68,0.094,43,20,0.99605,3.66,1.83,8.35,8
11.53,0.118,0.26,5.05,0.138,72,80,1.00018,3.72,1.36,13.94,0
8.02,0.462,0.345,10.52,0.107,5,39,0.99631,2.91,0.31,8.07,6
5.67,1.564,0.917,4.44,0.174,42,201,1.00442,3.42,0.62,14.56,8
13.53,1.302,0.291,3.26,0.175,7,34,0.99899,3.08,0.47,12.39,5
11.44,1.539,0.47,3.18,0.012,42,199,1.00211,3.02,0.92,10.25,0
10.4,0.832,0.89,5.46,0.158,36,21,0.99164,3.77,1.15,9.73,1
14.73,0.265,0.708,6.73,0.098,27,82,0.99596,2.96,0.37,8.06,3
13.46,0.922,0.062,12.55,0.198,58,298,0.99505,3.36,0.89,9.65,3
5.82,0.782,0.147,2.24,0.102,46,86,0.99854,3.93,0.6,8.96,1
7.74,1.367,0.008,11.16,0.198,66,129,1.00292,3.02,1.4,12.29,7
6.98,0.247,0.631,8.21,0.153,25,24,0.99118,3.97,1.09,9.17,1
12.93,0.832,0.448,4.68,0.057,73,107,0.99109,3.99,1.14,11.7,2
4.4,0.325,0.134,7.65,0.112,27,82,1.00275,3.47,1.03,12.13,3
10.84,0.587,0.958,4.85,0.199,1,234,0.99319,3.0,1.93,10.09,8
13.15,1.206,0.53,9.14,0.173,74,208,1.00003,3.18,0.67,8.25,9
14.52,0.814,0.242,6.79,0.028,42,66,0.99814,3.31,1.18,8.26,0
8.1,0.664,0.501,2.88,0.144,52,31,1.00249,3.17,1.55,8.18,7
13.86,0.692,0.68,2.19,0.076,25,76,0.99188,3.14,1.25,13.17,4
5.33,0.789,0.076,8.43,0.011,54,108,0.99195,3.97,1.88,10.23,6
14.16,1.278,0.275,13.58,0.087,67,162,0.99835,2.98,0.94,13.57,7
5.53,1.438,0.807,5.49,0.055,6,199,1.0042,3.68,1.09,11.02,4
8.77,1.533,0.46,11.13,0.166,58,280,0.99622,2.8,0.45,11.17,7
13.57,1.28,0.547,10.05,0.074,70,191,0.9949,3.52,1.34,11.59,9
5.8,0.573,0.433,14.01,0.167,53,118,0.9991,3.9,0.79,12.99,10
6.75,1.132,0.044,12.4,0.01,66,170,1.00396,3.15,0.57,9.91,7
12.67,0.756,0.166,8.72,0.068,58,66,1.00255,3.02,1.23,8.85,8
12.64,0.482,0.446,10.03,0.056,2,97,1.00493,3.58,1.2,11.89,1
11.69,1.361,0.209,13.53,0.054,22,291,0.99034,3.66,0.43,10.29,2
12.33,0.158,0.05,6.29,0.023,37,158,0.99169,3.63,1.49,11.1,0
10.51,1.453,0.844,5.24,0.046,20,230,0.99914,3.18,1.36,12.53,3
7.02,0.792,0.981,0.66,0.116,24,132,1.00231,3.1,0.62,11.46,4
8.15,1.056,0.793,12.48,0.065,65,198,0.99428,3.95,1.1,12.34,10
6.18,1.089,0.854,12.11,0.089,65,120,0.99359,3.91,1.52,11.81,0
14.9,1.443,0.242,2.01,0.082,1,267,1.0018,3.35,1.2,13.18,7
11.0,1.055,0.961,8.86,0.176,3,23,0.99085,3.82,0.97,12.94,1
8.81,1.021,0.197,7.23,0.182,46,15,0.99554,3.34,0.85,11.74,0
9.54,0.2,0.951,2.22,0.104,55,97,0.99759,3.31,1.34,12.75,1
15.37,0.878,0.995,14.72,0.073,64,144,0.99841,2.99,1.9,14.11,4
5.84,0.325,0.712,3.61,0.03,45,57,1.00093,3.31,1.44,11.03,8
11.03,1.206,0.981,1.47,0.191,26,200,0.99532,3.44,0.43,10.89,8
10.07,0.868,0.57,9.13,0.021,65,211,0.99919,2.83,1.08,13.35,1
11.34,1.12,0.26,11.21,0.067,24,292,0.99878,3.33,1.81,12.08,1
4.22,0.163,0.437,0.97,0.067,74,98,0.99821,3.74,0.46,8.5,2
14.47,0.227,0.594,10.05,0.071,35,150,0.99961,3.62,1.98,14.24,6
15.19,1.174,0.073,8.22,0.041,24,91,0.99389,3.56,1.91,8.22,10
10.78,0.208,0.622,2.0,0.159,28,158,0.99127,3.89,0.43,13.24,2
12.36,0.207,0.981,3.0,0.033,16,7,0.99179,2.82,1.89,13.31,0
15.07,0.118,0.19,8.74,0.131,59,265,0.99337,3.47,0.92,14.67,5
12.49,1.535,0.793,4.8,0.034,54,169,0.9975,3.74,1.74,8.38,2
5.83,1.206,0.908,14.11,0.023,16,11,1.00261,3.45,1.01,12.18,0
10.92,0.63,0.944,12.37,0.183,15,154,1.00052,3.19,1.05,10.99,3
11.28,0.545,0.96,14.76,0.046,11,210,1.00184,2.96,1.38,10.31,0
9.09,0.625,0.521,4.27,0.166,65,123,0.99526,3.87,1.62,8.63,0
12.84,1.262,0.977,14.56,0.113,68,94,0.99607,3.36,0.36,11.94,1
15.21,1.092,0.757,6.75,0.025,43,159,0.99591,3.85,1.31,11.35,9
15.11,0.378,0.162,5.54,0.192,69,172,0.99288,3.5,0.62,8.73,7
9.41,0.361,0.477,1.23,0.057,13,166,0.99092,3.61,0.89,12.29,1
5.36,0.248,0.718,1.27,0.173,10,275,0.99886,3.77,0.89,13.17,10
15.82,1.09,0.247,10.53,0.042,41,61,1.00484,3.59,1.1,13.37,1
14.07,1.247,0.641,7.14,0.172,50,233,0.9925,3.28,0.87,14.34,10
5.5,0.498,0.667,3.78,0.013,71,154,0.9907,3.42,0.48,10.87,10
15.05,0.131,0.163,9.4,0.107,59,51,1.00169,3.76,0.55,14.67,9
14.44,0.223,0.565,4.17,0.156,39,149,0.99379,3.25,0.36,14.06,9
10.23,1.552,0.772,8.88,0.188,3,243,1.00244,3.27,1.1,10.08,7
11.1,0.543,0.499,5.71,0.183,7,277,1.00056,2.91,1.92,9.11,5
8.79,1.254,0.012,12.44,0.166,49,125,1.00419,3.9,0.5,11.05,10
4.66,1.037,0.009,12.4,0.179,26,225,0.99613,2.91,1.91,10.81,3
8.02,0.673,0.357,7.42,0.048,33,13,0.99993,3.58,1.55,12.03,2
13.63,0.409,0.926,5.59,0.064,48,280,0.99697,3.3,1.38,12.08,0
4.06,0.282,0.229,5.76,0.065,2,71,0.99946,3.29,1.4,13.25,10
8.0,1.023,0.634,12.18,0.082,71,84,0.99674,3.62,1.71,11.57,2
8.78,1.262,0.222,5.26,0.085,32,91,0.99283,2.88,0.48,8.73,8
10.45,1.066,0.322,3.53,0.113,4,129,0.99762,3.51,1.16,14.01,4
15.04,0.895,0.848,1.73,0.04,20,207,0.99793,3.73,1.49,10.17,5
8.16,0.163,0.729,7.27,0.141,36,155,1.00216,3.79,1.3,14.8,4
8.16,1.553,0.095,7.49,0.042,32,51,1.00103,3.0,1.72,8.83,0
12.85,1.298,0.429,12.69,0.069,28,118,0.99996,3.88,0.42,14.71,9
9.43,0.539,0.029,3.71,0.106,1,96,0.9917,3.59,1.47,8.64,0
6.7,1.57,0.481,6.02,0.161,60,146,1.00081,3.86,1.21,9.62,3
9.43,1.003,0.662,12.22,0.15,56,294,0.9975,3.38,0.94,8.33,2
5.69,0.974,0.119,12.44,0.133,35,223,1.00341,3.45,0.88,12.94,10
6.12,1.222,0.289,6.08,0.04,30,82,1.0038,3.9,1.36,13.95,7
9.98,1.318,0.398,7.16,0.114,54,157,0.99083,3.88,1.81,11.04,6
9.03,1.085,0.92,4.9,0.027,36,244,1.00231,3.34,1.14,14.5,10
14.98,0.292,0.993,14.02,0.082,55,120,0.99057,3.13,1.7,12.13,6
8.35,0.607,0.045,2.22,0.089,58,99,0.99551,3.27,0.98,12.41,7
10.97,1.492,0.761,14.04,0.018,65,53,0.99813,3.27,0.47,13.92,9
11.59,0.437,0.372,10.42,0.062,69,196,0.99222,3.14,0.4,10.08,6
4.16,0.658,0.392,8.21,0.192,51,17,1.00119,3.12,0.39,10.48,9
11.96,0.748,0.754,0.97,0.191,22,161,0.99013,3.83,0.95,14.34,1
6.14,0.759,0.918,7.4,0.077,53,177,0.99253,2.88,0.87,14.31,3
15.53,1.019,0.951,6.41,0.018,36,182,0.99871,3.61,1.52,14.84,10
5.78,1.515,0.577,2.84,0.044,68,62,1.00072,3.01,1.56,14.31,5
8.98,0.461,0.357,10.02,0.085,36,208,1.00375,3.21,0.39,8.89,2
5.02,0.282,0.788,14.58,0.19,52,190,1.00058,2.87,0.68,13.77,2
15.96,0.396,0.251,8.65,0.037,53,126,1.00008,3.12,0.77,10.87,5
10.03,1.43,0.564,10.86,0.155,50,231,0.99592,3.72,1.23,14.94,0
11.14,1.069,0.359,1.49,0.031,41,207,0.99002,3.86,0.55,11.31,0
4.8,0.529,0.657,6.56,0.196,18,221,0.9918,3.07,0.53,11.88,4
13.0,1.324,0.24,2.19,0.083,22,48,0.99802,3.36,1.9,11.71,0
6.52,1.392,0.192,9.39,0.157,66,28,1.00013,3.36,1.67,10.25,9
14.78,1.37,0.918,14.11,0.075,21,160,0.99626,3.85,0.61,8.53,7
6.46,1.478,0.102,10.1,0.129,44,191,1.00096,3.72,0.99,14.27,1
6.29,0.478,0.506,1.61,0.046,47,254,0.99783,3.42,0.9,13.62,5
4.44,1.233,0.221,5.64,0.038,39,242,0.99111,3.6,1.64,8.98,9
9.66,0.791,0.039,8.48,0.188,29,298,0.99288,3.82,1.17,13.44,9
10.78,1.363,0.036,6.35,0.184,54,139,1.0026,2.81,0.52,12.38,4
4.79,1.193,0.175,12.59,0.179,17,27,1.00087,3.28,1.56,10.86,9
13.31,1.265,0.867,12.31,0.129,60,93,1.00342,3.89,0.97,9.78,3
9.44,1.084,0.282,9.37,0.164,31,158,0.99176,3.69,0.75,14.02,0
10.29,0.366,0.95,5.92,0.023,73,130,1.00485,3.45,0.94,12.9,2
9.29,0.918,0.582,4.2,0.074,49,84,0.99314,3.44,1.15,11.83,3
8.81,1.577,0.437,2.04,0.07,2,56,0.99018,3.22,0.88,12.27,1
10.72,1.506,0.58,5.65,0.131,48,221,1.00496,3.42,0.71,8.64,1
5.86,0.165,0.517,6.49,0.078,14,181,0.99422,3.59,0.98,11.32,1
6.18,0.347,0.759,10.3,0.038,59,258,1.00002,3.3,0.33,9.36,10
14.34,0.298,0.282,10.04,0.123,58,251,0.99265,3.66,1.61,9.46,0
15.35,1.189,0.353,1.52,0.165,58,232,0.9987,3.83,0.59,12.63,9
8.48,1.327,0.894,6.23,0.083,51,111,1.00356,2.99,0.37,14.38,1
7.25,0.42,0.946,3.14,0.035,2,198,0.9948,3.34,1.41,10.83,5
11.73,0.859,0.893,2.77,0.047,41,41,1.00005,3.29,1.62,9.45,2
8.9,1.361,0.419,12.5,0.055,16,209,0.99282,3.62,1.68,12.54,9
4.3,1.199,0.78,1.11,0.067,4,272,0.99937,3.1,1.14,14.1,4
5.87,0.913,0.476,6.58,0.132,12,273,0.99505,3.57,0.65,13.24,0
12.59,0.986,0.498,2.94,0.124,29,175,0.99317,3.85,1.55,14.08,7
11.91,0.863,0.205,13.25,0.142,7,44,0.9947,3.3,1.49,11.76,3
4.33,0.546,0.591,8.58,0.079,14,144,0.99268,3.89,0.72,13.26,8
6.66,0.948,0.186,3.86,0.167,12,297,1.00353,3.99,1.84,8.98,3
6.77,1.133,0.332,7.79,0.049,5,57,0.99596,2.93,0.48,10.44,1
12.06,1.41,0.855,11.11,0.099,32,292,0.99368,3.08,1.97,10.73,2
4.24,1.054,0.207,14.39,0.162,74,294,0.99673,3.94,1.76,11.58,4
5.25,1.242,0.071,3.7,0.044,43,146,0.99481,3.95,1.47,14.5,9
13.6,0.34,0.069,13.35,0.031,69,151,1.00117,2.92,1.9,14.12,5
6.14,0.792,0.941,14.05,0.178,45,189,1.00457,2.82,1.53,8.94,6
11.83,0.114,0.507,13.79,0.075,9,157,0.99657,2.99,0.62,9.21,3
6.86,0.47,0.409,9.71,0.14,49,206,1.00292,4.0,1.05,10.5,6
5.19,1.19,0.811,9.63,0.015,33,133,0.99849,3.02,0.42,10.04,9
6.92,1.588,0.836,6.35,0.141,18,292,0.99236,3.4,0.96,12.3,2
12.67,0.249,0.332,11.41,0.07,9,258,1.00036,3.82,1.56,14.32,6
14.27,0.702,0.694,8.2,0.021,62,271,0.9977,2.82,0.96,14.74,3
13.96,1.3,0.771,10.32,0.126,57,193,0.99976,3.53,0.86,12.58,7
8.77,0.406,0.655,6.71,0.056,29,235,1.00335,3.13,1.31,13.87,8
12.02,0.933,0.152,11.11,0.083,25,276,0.99661,3.83,1.78,11.68,6
6.46,1.2,0.876,12.45,0.025,15,264,1.00352,3.14,0.38,9.46,7
7.52,1.024,0.539,2.62,0.038,6,203,1.00126,3.62,0.96,11.67,7
14.76,0.382,0.282,12.58,0.067,42,61,0.99733,3.61,0.57,11.89,1
4.16,0.633,0.425,8.33,0.027,29,208,0.99905,3.07,1.48,13.2,8
5.03,1.276,0.038,12.75,0.183,4,276,0.99488,2.84,0.48,9.54,5
6.49,0.931,0.128,6.75,0.011,57,114,1.00475,3.29,1.43,10.58,10
4.32,0.108,0.766,6.0,0.102,49,121,1.00001,3.15,0.79,10.55,3
6.18,1.241,0.0,13.77,0.033,44,97,0.99066,3.77,0.64,14.72,4
11.0,0.153,0.417,4.14,0.068,14,143,0.9949,3.76,1.89,11.11,9
9.06,1.219,0.523,12.74,0.186,3,62,0.99935,3.35,0.33,13.29,4
14.71,0.404,0.055,7.52,0.041,62,55,0.99084,3.53,1.04,13.26,6
13.81,1.537,0.973,7.95,0.194,64,76,0.99036,3.53,0.34,9.86,8
8.1,0.652,0.226,4.97,0.049,45,87,0.99675,3.79,1.12,12.0,6
7.11,0.59,0.304,8.81,0.151,58,110,0.99499,3.31,1.15,14.26,8
8.56,0.323,0.304,5.22,0.114,20,93,0.99657,3.13,0.85,11.33,3
11.08,0.558,0.23,1.07,0.178,58,7,0.99394,3.12,0.52,14.62,9
7.22,1.415,0.001,4.44,0.115,57,89,0.99247,3.44,0.94,9.5,9
11.49,1.595,0.729,0.59,0.112,68,48,1.00034,3.34,1.44,8.52,3
8.91,0.652,0.967,14.69,0.047,52,159,0.99772,3.33,1.63,14.24,5
10.62,0.773,0.224,14.5,0.042,37,99,0.993,2.91,1.2,13.93,7
9.23,1.183,0.663,6.23,0.184,8,138,0.99479,3.66,1.3,14.95,8
7.53,1.429,0.742,11.06,0.072,44,70,0.99888,3.06,0.64,12.76,0
15.38,0.99,0.848,5.51,0.081,5,295,0.99108,3.04,0.79,14.56,0
13.16,0.687,0.423,10.23,0.154,69,262,0.99221,3.3,0.58,13.79,7
5.68,0.719,0.303,12.18,0.074,31,218,0.9911,3.07,0.72,13.91,10
14.42,1.143,0.325,14.23,0.191,45,153,1.00218,3.5,0.68,11.98,6
9.85,0.105,0.713,6.3,0.15,9,66,1.00129,3.25,1.18,10.68,8
14.73,1.029,0.817,11.86,0.124,32,154,1.0013,3.34,1.26,14.54,10
13.6,0.633,0.182,4.36,0.177,33,93,1.00074,3.44,1.91,11.02,2
9.1,1.291,0.371,14.86,0.019,67,283,1.00004,3.04,0.63,11.77,9
4.27,0.239,0.902,0.87,0.059,30,87,0.99715,2.99,1.39,11.12,4
7.22,0.982,0.807,9.25,0.098,29,134,0.99963,3.86,1.69,11.95,2
10.5,0.821,0.985,10.06,0.053,3,291,0.99058,3.32,1.25,11.29,4
11.6,1.063,0.754,10.48,0.151,57,285,0.99932,3.29,0.73,8.34,9
7.09,0.197,0.393,2.25,0.185,30,275,1.00167,2.84,0.75,14.17,0
5.67,0.97,0.591,14.11,0.091,9,297,0.99751,3.4,0.37,11.11,10
14.02,0.942,0.661,3.13,0.075,26,208,0.99536,3.47,0.82,12.12,3
15.81,0.941,0.078,9.53,0.193,2,29,0.99416,3.47,1.57,8.97,5
10.31,1.005,0.544,3.73,0.095,62,213,0.99964,3.65,0.38,8.02,1
6.06,1.115,0.709,4.95,0.103,3,285,1.00039,3.01,0.67,9.72,6
7.27,1.307,0.167,8.42,0.077,46,210,1.00306,3.1,1.5,12.93,7
4.22,0.505,0.781,6.55,0.183,68,157,0.99514,3.77,1.63,8.69,0
14.97,1.338,0.584,2.82,0.118,25,31,1.00155,3.94,1.07,14.36,3
5.41,0.847,0.952,2.98,0.155,51,199,0.99842,2.96,1.49,9.51,10
10.92,0.216,0.042,6.56,0.164,13,243,1.00324,3.4,0.96,9.43,3
7.29,0.188,0.265,11.48,0.075,44,80,0.99792,3.06,0.57,9.27,4
10.65,0.601,0.602,13.52,0.092,35,168,0.99776,2.87,0.98,8.1,3
11.82,1.277,0.297,1.72,0.171,55,34,0.99867,3.19,1.29,13.4,8
13.96,1.162,0.714,6.2,0.079,9,170,1.00124,2.97,1.91,14.13,6
6.48,1.283,0.759,1.95,0.161,2,191,1.00447,3.65,0.42,12.3,1
4.13,0.876,0.103,0.74,0.189,61,59,0.9911,3.44,1.16,9.32,0
5.64,0.76,0.514,10.09,0.128,41,47,0.9908,2.97,0.86,10.0,8
14.8,0.321,0.509,9.24,0.151,44,290,1.00406,2.81,1.16,11.33,0
14.49,0.592,0.369,2.86,0.163,64,143,0.99795,3.77,0.34,14.68,5
11.17,0.751,0.933,3.89,0.171,31,192,0.99922,3.01,0.83,9.73,1
11.21,0.233,0.828,0.84,0.085,47,209,0.99724,3.53,1.69,13.12,3
11.98,0.431,0.697,12.61,0.02,2,47,0.9914,3.2,1.24,11.08,5
6.1,0.997,0.714,14.63,0.086,69,293,1.00152,3.5,1.07,10.08,4
14.97,1.203,0.462,2.46,0.138,58,31,1.00121,3.18,0.79,11.19,10
9.03,1.598,0.921,3.86,0.096,44,61,0.99468,2.9,0.81,8.5,5
8.6,1.5,0.695,13.09,0.152,74,258,0.99459,3.07,0.95,13.59,2
10.23,1.064,0.729,13.93,0.078,56,127,1.00257,3.03,1.72,9.7,4
4.56,0.732,0.862,6.58,0.131,43,111,0.99109,3.31,1.94,13.08,1
6.0,1.054,0.274,1.23,0.045,34,135,1.00322,3.59,1.05,8.48,6
12.86,1.278,0.807,1.07,0.152,30,163,0.99385,3.12,0.97,14.69,2
4.99,0.278,0.195,8.82,0.114,71,236,0.99889,2.81,1.74,9.35,0
11.24,0.715,0.345,6.2,0.049,70,96,1.00404,3.42,1.03,14.18,7
6.94,1.36,0.336,0.92,0.065,55,27,1.00017,3.53,1.24,13.67,7
8.67,0.676,0.979,8.96,0.152,67,295,0.99622,3.96,0.69,14.78,2
7.46,0.958,0.857,0.66,0.102,13,115,1.00034,3.51,1.56,11.35,6
8.27,0.982,0.701,11.92,0.051,3,54,0.99516,3.37,1.2,13.09,8
12.63,0.377,0.727,4.94,0.194,26,134,0.99416,3.49,1.68,10.59,7
7.57,0.643,0.562,1.08,0.146,57,78,1.00495,3.91,1.63,9.29,2
10.8,0.602,0.947,9.03,0.192,24,58,1.00126,3.79,0.67,11.1,1
9.71,0.139,0.496,6.27,0.091,53,173,0.99967,3.19,1.52,9.16,9
11.96,0.136,0.381,14.62,0.1,70,50,0.99533,3.08,1.66,14.87,6
15.24,1.348,0.163,8.39,0.181,43,110,0.99074,3.12,0.89,8.67,6
12.79,0.51,0.786,4.49,0.11,60,155,0.99047,3.41,0.59,12.12,8
6.58,0.877,0.734,10.79,0.144,58,151,0.99831,3.69,0.3,12.39,4
4.37,0.548,0.384,4.44,0.058,49,209,1.00143,3.4,1.07,11.77,3
7.15,1.511,0.025,13.61,0.095,42,172,0.99806,2.88,0.9,12.64,7
11.14,0.489,0.839,5.93,0.033,66,206,1.00261,3.67,1.24,8.81,3
4.62,0.744,0.011,8.47,0.049,11,139,0.9905,3.77,0.62,11.89,3
9.96,1.409,0.704,1.23,0.01,18,216,0.9955,3.15,1.76,10.01,1
11.16,1.363,0.97,6.68,0.017,52,53,0.99356,3.6,0.74,14.58,0
8.01,0.379,0.438,12.57,0.196,46,131,0.99671,3.31,0.68,13.33,3
13.25,1.304,0.235,12.18,0.056,44,244,0.99109,3.87,1.12,14.81,6
5.28,0.787,0.705,3.75,0.136,22,12,1.00431,3.81,1.15,8.26,8
4.9,0.824,0.817,3.78,0.169,53,277,0.99335,3.43,0.67,10.0,8
12.74,0.3,0.546,12.35,0.115,59,42,1.00383,3.63,0.76,9.37,9
9.95,0.221,0.967,13.99,0.039,30,216,0.99639,3.86,0.59,8.08,0
12.26,1.192,0.052,1.88,0.148,8,170,1.00478,3.39,1.52,9.7,4
9.22,0.845,0.505,7.03,0.124,57,130,0.99831,3.18,1.61,12.75,6
6.96,0.755,0.718,5.39,0.149,73,197,1.00396,3.7,1.09,9.62,6
13.83,1.194,0.863,13.12,0.156,20,223,0.99008,3.06,1.51,11.56,9
13.59,1.248,0.179,1.71,0.195,25,219,1.00122,3.27,1.55,14.21,5
12.34,0.338,0.8,3.56,0.119,19,67,1.00355,3.84,0.54,12.86,10
7.27,1.015,0.553,11.41,0.075,5,166,0.9921,3.67,1.94,10.76,9
11.08,0.303,0.397,1.24,0.133,72,71,0.99144,3.28,1.7,10.61,3
8.33,1.227,0.132,7.64,0.023,27,291,0.99637,3.06,0.65,11.19,2
5.1,1.085,0.865,6.91,0.181,40,244,1.00401,3.23,0.62,9.24,8
15.01,1.535,0.157,5.35,0.033,26,25,0.99814,3.14,0.51,12.44,9
5.64,0.203,0.31,6.22,0.072,27,193,0.99791,3.01,0.54,10.55,3
15.4,0.186,0.29,8.18,0.165,62,87,0.99212,3.69,1.57,13.97,7
9.35,0.523,0.871,2.84,0.123,50,207,0.99001,3.1,1.1,13.3,0
