gender,race/ethnicity,parental level of education,lunch,test preparation course,math score,reading score,writing score
Female,Group D,high school,free/reduced,completed,19,69,53
Female,Group B,master's degree,free/reduced,completed,80,48,54
Female,Group C,high school,free/reduced,none,10,54,47
Male,Group B,some college,free/reduced,completed,15,76,72
Female,Group D,high school,standard,completed,100,30,71
Female,Group E,associate's degree,standard,none,41,80,100
Female,Group A,high school,standard,completed,95,20,14
Female,Group D,bachelor's degree,free/reduced,completed,89,15,70
Male,Group C,bachelor's degree,free/reduced,none,51,16,87
Female,Group E,bachelor's degree,free/reduced,none,36,95,15
Male,Group B,bachelor's degree,free/reduced,completed,51,0,87
Male,Group E,associate's degree,standard,completed,8,71,42
Female,Group E,associate's degree,free/reduced,none,34,64,6
Male,Group C,associate's degree,standard,none,66,65,42
Female,Group A,high school,standard,completed,94,36,27
Male,Group E,bachelor's degree,standard,completed,6,23,65
Female,Group E,master's degree,free/reduced,completed,1,90,97
Male,Group A,master's degree,free/reduced,completed,24,83,59
Male,Group A,bachelor's degree,standard,none,75,61,2
Female,Group B,some college,standard,none,93,20,0
Male,Group B,high school,free/reduced,none,93,36,30
Female,Group A,master's degree,free/reduced,none,92,34,55
Female,Group D,associate's degree,free/reduced,completed,40,37,86
Male,Group A,some college,free/reduced,none,74,52,83
Female,Group B,associate's degree,standard,completed,51,14,79
Female,Group C,some college,standard,completed,86,41,45
Female,Group C,some college,standard,none,80,93,31
Female,Group E,high school,standard,none,76,3,80
Male,Group C,associate's degree,standard,completed,96,38,17
Male,Group B,associate's degree,standard,none,64,78,67
Male,Group C,master's degree,free/reduced,completed,76,22,34
Female,Group D,bachelor's degree,standard,completed,37,14,99
Male,Group A,bachelor's degree,free/reduced,none,66,89,22
Male,Group A,master's degree,free/reduced,completed,79,11,78
Male,Group B,some college,standard,none,41,81,12
Female,Group E,master's degree,free/reduced,none,70,69,77
Male,Group A,master's degree,standard,none,53,81,13
Female,Group C,associate's degree,standard,completed,66,53,36
Male,Group D,master's degree,free/reduced,none,77,87,4
Male,Group E,some college,free/reduced,completed,63,37,21
Female,Group E,bachelor's degree,free/reduced,none,79,27,27
Male,Group E,high school,free/reduced,completed,3,78,3
Female,Group A,master's degree,free/reduced,completed,30,18,49
Female,Group E,master's degree,free/reduced,completed,12,68,28
Male,Group B,associate's degree,free/reduced,completed,26,63,36
Female,Group C,associate's degree,free/reduced,completed,58,3,34
Female,Group D,master's degree,free/reduced,none,64,80,19
Female,Group C,master's degree,standard,completed,63,9,34
Female,Group B,some college,standard,none,24,11,98
Male,Group B,bachelor's degree,free/reduced,none,36,68,83
Female,Group C,bachelor's degree,free/reduced,none,74,6,1
Female,Group A,high school,free/reduced,none,72,43,57
Male,Group B,bachelor's degree,standard,completed,70,22,17
Male,Group E,high school,standard,none,13,1,93
Male,Group D,associate's degree,free/reduced,none,93,93,55
Female,Group D,high school,free/reduced,none,23,36,63
Female,Group B,high school,free/reduced,none,66,68,92
Female,Group E,bachelor's degree,free/reduced,none,47,19,51
Female,Group C,master's degree,standard,none,90,89,21
Male,Group D,associate's degree,standard,completed,64,43,92
Male,Group E,some college,free/reduced,completed,37,69,59
Female,Group E,high school,free/reduced,completed,89,92,9
Female,Group A,high school,standard,none,69,73,83
Female,Group B,high school,standard,none,58,50,79
Female,Group E,master's degree,free/reduced,none,11,79,5
Male,Group C,some college,free/reduced,completed,53,97,80
Male,Group D,bachelor's degree,standard,none,50,30,5
Male,Group A,associate's degree,standard,none,37,99,85
Male,Group C,master's degree,standard,completed,45,40,81
Female,Group D,some college,free/reduced,none,98,57,95
Male,Group B,associate's degree,standard,completed,9,4,27
Female,Group C,bachelor's degree,free/reduced,none,8,32,41
Male,Group D,associate's degree,standard,none,86,42,73
Male,Group A,high school,standard,none,93,18,40
Female,Group D,high school,standard,completed,51,31,62
Male,Group E,master's degree,free/reduced,none,50,86,21
Male,Group A,associate's degree,free/reduced,completed,21,2,91
Male,Group C,high school,standard,none,72,0,78
Male,Group B,master's degree,free/reduced,completed,82,99,28
Female,Group A,master's degree,standard,none,71,40,70
Male,Group A,master's degree,free/reduced,completed,67,91,33
Male,Group A,bachelor's degree,standard,completed,4,47,95
Male,Group D,high school,standard,none,82,38,1
Female,Group E,high school,free/reduced,completed,81,4,25
Female,Group B,some college,standard,completed,28,76,74
Male,Group B,bachelor's degree,free/reduced,completed,82,10,88
Male,Group E,high school,standard,none,5,21,18
Male,Group D,high school,free/reduced,completed,68,86,19
Female,Group D,some college,standard,none,57,63,32
Male,Group E,associate's degree,standard,completed,42,11,80
Male,Group E,associate's degree,free/reduced,completed,68,52,93
Female,Group C,bachelor's degree,standard,completed,71,54,81
Female,Group D,master's degree,free/reduced,completed,90,52,95
Female,Group A,some college,standard,none,36,20,3
Male,Group B,some college,standard,none,57,18,31
Male,Group D,high school,standard,completed,36,68,18
Male,Group E,high school,standard,none,81,87,2
Female,Group A,some college,free/reduced,none,25,93,91
Male,Group C,master's degree,free/reduced,completed,41,71,60
Male,Group C,associate's degree,free/reduced,completed,15,65,37
Female,Group A,bachelor's degree,standard,completed,21,58,5
Female,Group A,associate's degree,free/reduced,completed,22,48,55
Male,Group E,bachelor's degree,free/reduced,completed,46,97,39
Female,Group E,master's degree,standard,completed,66,58,80
Male,Group B,some college,free/reduced,none,2,22,68
Male,Group B,master's degree,standard,completed,11,2,82
Male,Group C,some college,standard,completed,22,55,41
Female,Group A,high school,free/reduced,completed,10,57,98
Male,Group C,bachelor's degree,free/reduced,none,51,87,85
Female,Group E,high school,free/reduced,completed,49,61,87
Female,Group D,some college,free/reduced,none,56,17,73
Female,Group E,bachelor's degree,standard,none,63,60,1
Female,Group D,bachelor's degree,free/reduced,none,45,36,27
Male,Group A,high school,standard,completed,28,53,100
Female,Group A,bachelor's degree,free/reduced,none,69,94,16
Male,Group A,some college,standard,completed,45,77,69
Male,Group B,some college,free/reduced,completed,15,64,68
Male,Group B,high school,free/reduced,completed,97,13,38
Male,Group D,master's degree,standard,completed,50,4,6
Female,Group C,some college,free/reduced,none,100,94,31
Female,Group C,some college,free/reduced,completed,10,94,3
Male,Group D,bachelor's degree,free/reduced,none,10,93,20
Male,Group B,bachelor's degree,free/reduced,none,62,99,31
Male,Group E,some college,standard,completed,52,61,81
Female,Group D,high school,standard,completed,88,0,96
Female,Group C,master's degree,free/reduced,none,57,62,13
Male,Group D,bachelor's degree,standard,none,18,66,69
Male,Group D,bachelor's degree,free/reduced,completed,31,19,74
Male,Group A,master's degree,standard,completed,49,42,45
Female,Group B,bachelor's degree,standard,completed,71,84,19
Male,Group A,high school,standard,none,54,93,92
Female,Group B,bachelor's degree,free/reduced,completed,75,41,57
Female,Group D,bachelor's degree,standard,completed,40,93,98
Female,Group B,some college,standard,completed,98,68,79
Male,Group C,high school,free/reduced,completed,69,73,47
Female,Group A,high school,standard,none,20,87,6
Female,Group D,some college,free/reduced,none,25,38,39
Male,Group C,associate's degree,standard,completed,0,61,58
Male,Group B,master's degree,free/reduced,none,80,47,35
Male,Group B,high school,standard,completed,98,5,43
Female,Group C,associate's degree,free/reduced,none,26,73,30
Female,Group B,master's degree,standard,none,49,41,41
Male,Group A,high school,standard,completed,65,57,43
Female,Group E,bachelor's degree,free/reduced,completed,99,42,42
Male,Group B,high school,standard,completed,64,9,42
Male,Group D,master's degree,standard,completed,9,88,46
Female,Group B,associate's degree,free/reduced,none,94,77,5
Female,Group D,bachelor's degree,free/reduced,completed,36,38,92
Female,Group B,master's degree,standard,completed,68,12,90
Female,Group B,master's degree,free/reduced,completed,40,74,65
Male,Group D,high school,standard,completed,45,38,85
Male,Group A,some college,free/reduced,completed,76,10,8
Female,Group E,some college,free/reduced,completed,44,15,10
Female,Group E,bachelor's degree,free/reduced,none,87,32,79
Female,Group A,master's degree,free/reduced,completed,26,59,76
Male,Group B,associate's degree,standard,none,64,95,17
Male,Group E,bachelor's degree,free/reduced,completed,83,58,24
Female,Group A,bachelor's degree,standard,none,7,73,96
Male,Group A,high school,standard,none,66,50,73
Male,Group E,associate's degree,standard,none,48,14,57
Male,Group D,master's degree,standard,completed,95,79,29
Male,Group C,master's degree,standard,none,88,42,0
Female,Group D,master's degree,free/reduced,completed,88,26,62
Female,Group B,bachelor's degree,free/reduced,none,13,55,96
Female,Group D,high school,standard,completed,61,59,78
Female,Group C,bachelor's degree,standard,completed,42,95,28
Male,Group C,some college,free/reduced,none,26,69,65
Female,Group A,some college,standard,completed,95,46,74
Female,Group B,master's degree,free/reduced,none,26,99,52
Female,Group A,high school,standard,none,67,7,97
Female,Group D,master's degree,free/reduced,completed,74,62,18
Female,Group D,master's degree,free/reduced,none,47,88,65
Male,Group E,bachelor's degree,standard,completed,66,6,83
Female,Group A,master's degree,free/reduced,none,24,80,51
Male,Group A,master's degree,standard,completed,63,93,30
Male,Group A,high school,free/reduced,completed,23,1,59
Male,Group A,high school,free/reduced,completed,8,16,67
Male,Group C,high school,standard,none,7,3,92
Male,Group E,master's degree,free/reduced,completed,94,25,29
Male,Group B,high school,free/reduced,completed,58,77,12
Female,Group B,high school,standard,completed,16,71,14
Male,Group B,associate's degree,free/reduced,completed,42,68,19
Female,Group C,associate's degree,standard,completed,94,4,33
Male,Group E,some college,standard,completed,67,4,91
Male,Group E,bachelor's degree,free/reduced,completed,3,90,19
Male,Group C,bachelor's degree,standard,completed,100,68,49
Female,Group A,high school,free/reduced,completed,7,2,88
Male,Group D,some college,free/reduced,none,41,37,26
Male,Group A,some college,standard,completed,48,93,29
Female,Group B,associate's degree,free/reduced,completed,5,0,55
Male,Group A,some college,free/reduced,completed,72,7,83
Male,Group C,master's degree,free/reduced,none,41,12,64
Male,Group B,high school,standard,completed,71,83,98
Female,Group D,master's degree,standard,completed,31,69,54
Male,Group B,bachelor's degree,free/reduced,none,14,49,23
Male,Group A,associate's degree,standard,none,81,7,24
Female,Group E,master's degree,free/reduced,none,86,29,52
Female,Group E,high school,free/reduced,completed,68,39,75
Male,Group E,master's degree,standard,completed,26,78,10
Male,Group B,master's degree,standard,completed,96,73,93
Male,Group E,some college,standard,completed,65,32,59
Male,Group C,associate's degree,free/reduced,none,58,72,76
Female,Group D,bachelor's degree,standard,none,27,51,46
Female,Group E,high school,free/reduced,completed,23,32,24
Female,Group C,high school,free/reduced,none,50,72,24
Male,Group C,bachelor's degree,free/reduced,completed,20,77,16
Female,Group B,high school,standard,completed,30,95,11
Female,Group B,some college,standard,completed,74,36,51
Male,Group D,master's degree,standard,completed,49,69,10
Male,Group D,some college,free/reduced,none,91,68,9
Male,Group A,some college,free/reduced,none,39,3,80
Male,Group D,some college,standard,completed,67,59,59
Male,Group B,bachelor's degree,standard,completed,15,79,53
Male,Group C,associate's degree,standard,none,75,73,79
Female,Group A,bachelor's degree,standard,none,85,30,62
Male,Group D,bachelor's degree,standard,completed,98,94,19
Male,Group C,some college,standard,none,62,13,4
Female,Group B,associate's degree,standard,none,55,76,40
Female,Group E,bachelor's degree,standard,none,79,59,62
Female,Group A,associate's degree,standard,completed,23,67,55
Female,Group C,some college,free/reduced,none,98,25,31
Female,Group B,bachelor's degree,standard,none,27,23,26
Male,Group B,associate's degree,standard,none,92,55,67
Male,Group A,high school,free/reduced,none,84,8,47
Female,Group A,bachelor's degree,free/reduced,none,88,34,6
Female,Group D,bachelor's degree,free/reduced,completed,30,78,45
Female,Group D,bachelor's degree,free/reduced,none,14,23,77
Female,Group A,associate's degree,free/reduced,none,41,30,87
Male,Group A,master's degree,free/reduced,none,98,82,17
Female,Group C,bachelor's degree,free/reduced,none,49,65,37
Female,Group D,high school,standard,completed,85,65,64
Male,Group B,high school,standard,completed,4,40,16
Male,Group D,some college,standard,completed,47,35,89
Male,Group D,master's degree,free/reduced,none,12,100,85
Female,Group A,master's degree,standard,none,31,33,81
Female,Group A,associate's degree,free/reduced,completed,66,38,37
Male,Group D,some college,standard,completed,78,82,91
Female,Group E,associate's degree,free/reduced,completed,90,22,84
Female,Group E,some college,standard,completed,90,79,62
Male,Group D,master's degree,standard,completed,29,43,96
Male,Group E,associate's degree,standard,completed,5,69,93
Male,Group D,some college,standard,none,24,57,41
Female,Group A,master's degree,standard,none,27,58,7
Male,Group A,master's degree,standard,completed,61,25,29
Female,Group A,bachelor's degree,standard,none,21,21,63
Female,Group B,associate's degree,free/reduced,none,67,87,8
Female,Group A,bachelor's degree,free/reduced,completed,14,39,96
Male,Group A,master's degree,standard,completed,25,84,56
Male,Group D,associate's degree,standard,none,62,93,58
Male,Group E,associate's degree,standard,none,17,10,92
Female,Group E,high school,standard,none,72,8,94
Male,Group A,some college,free/reduced,completed,62,11,66
Male,Group A,high school,free/reduced,none,61,25,74
Female,Group A,high school,standard,completed,67,37,4
Female,Group D,master's degree,standard,completed,47,2,94
Male,Group D,some college,standard,none,49,96,83
Male,Group D,high school,standard,completed,62,14,3
Female,Group E,high school,free/reduced,completed,68,46,7
Female,Group B,associate's degree,free/reduced,completed,5,4,41
Female,Group E,master's degree,free/reduced,none,57,53,34
Male,Group D,high school,free/reduced,none,50,23,12
Male,Group C,some college,standard,none,11,10,4
Female,Group B,bachelor's degree,free/reduced,completed,94,32,39
Male,Group A,bachelor's degree,standard,none,46,86,18
Male,Group E,master's degree,free/reduced,completed,8,73,81
Male,Group B,bachelor's degree,free/reduced,none,6,56,96
Female,Group C,associate's degree,standard,completed,28,51,3
Male,Group B,associate's degree,free/reduced,none,77,63,58
Female,Group E,some college,standard,none,50,42,17
Male,Group D,master's degree,standard,completed,83,91,23
Female,Group A,master's degree,standard,completed,54,80,92
Female,Group D,bachelor's degree,standard,none,95,43,30
Male,Group D,high school,standard,none,58,89,57
Male,Group E,high school,free/reduced,completed,55,88,27
Female,Group D,high school,free/reduced,none,21,35,8
Female,Group D,some college,standard,completed,99,11,44
Male,Group E,master's degree,standard,completed,17,55,89
Female,Group E,bachelor's degree,standard,completed,57,2,48
Female,Group C,some college,standard,completed,39,49,1
Male,Group D,associate's degree,free/reduced,completed,88,28,5
Male,Group B,associate's degree,standard,completed,30,87,28
Male,Group A,associate's degree,free/reduced,completed,55,82,25
Male,Group A,master's degree,free/reduced,completed,34,76,27
Female,Group E,associate's degree,standard,completed,25,15,6
Male,Group E,high school,free/reduced,completed,67,39,33
Male,Group C,associate's degree,standard,completed,83,26,55
Male,Group D,some college,standard,completed,33,69,9
Male,Group E,associate's degree,free/reduced,completed,75,41,56
Female,Group E,high school,standard,completed,15,56,46
Female,Group A,associate's degree,standard,completed,41,9,85
Male,Group D,bachelor's degree,free/reduced,completed,4,37,26
Male,Group C,high school,free/reduced,none,60,7,38
Male,Group E,master's degree,free/reduced,none,43,17,21
Male,Group E,associate's degree,standard,completed,34,95,18
Female,Group E,some college,free/reduced,none,90,16,99
Female,Group A,associate's degree,free/reduced,none,0,57,8
Female,Group E,some college,free/reduced,none,97,65,18
Female,Group E,bachelor's degree,free/reduced,completed,42,43,1
Male,Group A,master's degree,standard,completed,31,83,91
Female,Group E,high school,free/reduced,completed,62,73,60
Female,Group D,high school,free/reduced,none,32,8,58
Male,Group D,master's degree,standard,none,94,47,85
Female,Group A,bachelor's degree,free/reduced,completed,76,38,69
Female,Group D,bachelor's degree,free/reduced,none,65,88,70
Female,Group C,associate's degree,standard,none,29,88,69
Male,Group E,bachelor's degree,standard,completed,9,87,32
Male,Group C,associate's degree,standard,none,22,5,77
Male,Group D,some college,standard,none,96,29,64
Male,Group A,master's degree,standard,completed,38,73,24
Female,Group A,some college,free/reduced,none,44,94,69
Female,Group C,some college,free/reduced,completed,28,17,27
Male,Group D,some college,free/reduced,completed,29,42,17
Male,Group E,some college,free/reduced,completed,33,32,62
Male,Group D,high school,standard,completed,51,52,90
Female,Group D,bachelor's degree,standard,completed,80,55,48
Female,Group A,master's degree,standard,completed,21,18,65
Male,Group B,master's degree,free/reduced,completed,4,86,39
Male,Group E,some college,standard,none,10,68,84
Male,Group E,master's degree,standard,completed,85,25,86
Male,Group A,associate's degree,free/reduced,none,31,28,65
Male,Group D,master's degree,standard,none,23,23,79
Male,Group A,some college,standard,completed,10,5,3
Male,Group D,master's degree,free/reduced,none,10,53,33
Male,Group B,bachelor's degree,free/reduced,completed,16,38,4
Female,Group B,some college,standard,completed,31,3,97
Male,Group C,high school,free/reduced,completed,82,57,21
Female,Group D,bachelor's degree,standard,completed,26,47,19
Male,Group A,master's degree,free/reduced,completed,31,59,46
Female,Group A,high school,free/reduced,completed,60,25,76
Male,Group A,bachelor's degree,free/reduced,none,24,78,33
Male,Group C,associate's degree,free/reduced,none,63,76,43
Female,Group E,bachelor's degree,standard,none,63,39,5
Male,Group A,high school,standard,none,27,85,55
Female,Group B,associate's degree,standard,none,39,76,28
Female,Group A,master's degree,free/reduced,completed,90,55,96
Female,Group A,some college,standard,none,13,38,52
Male,Group A,master's degree,free/reduced,completed,41,80,0
Female,Group E,some college,standard,completed,38,99,58
Male,Group A,some college,free/reduced,completed,1,38,47
Female,Group E,high school,free/reduced,completed,80,47,6
Male,Group E,associate's degree,free/reduced,completed,0,24,85
Female,Group C,associate's degree,standard,completed,31,33,31
Female,Group B,bachelor's degree,standard,completed,82,20,77
Male,Group A,master's degree,standard,none,63,24,60
Male,Group A,high school,standard,completed,77,88,56
Male,Group A,master's degree,free/reduced,completed,30,21,50
Male,Group E,bachelor's degree,free/reduced,none,57,22,87
Male,Group D,bachelor's degree,free/reduced,none,81,24,18
Male,Group B,high school,free/reduced,completed,77,77,26
Male,Group A,bachelor's degree,standard,none,13,77,62
Male,Group D,high school,standard,completed,87,25,59
Male,Group D,bachelor's degree,free/reduced,completed,68,29,60
Female,Group D,associate's degree,standard,completed,15,89,60
Female,Group B,high school,free/reduced,completed,68,37,86
Female,Group D,associate's degree,free/reduced,none,53,85,44
Female,Group A,associate's degree,free/reduced,none,12,33,20
Male,Group A,high school,standard,none,79,88,43
Female,Group C,master's degree,free/reduced,completed,78,99,92
Female,Group E,some college,standard,completed,30,76,0
Female,Group D,bachelor's degree,free/reduced,none,68,92,94
Male,Group E,bachelor's degree,standard,none,20,72,90
Male,Group E,master's degree,standard,completed,29,14,43
Female,Group E,some college,free/reduced,none,22,94,99
Female,Group E,master's degree,free/reduced,none,37,43,61
Female,Group E,some college,standard,completed,28,90,60
Male,Group A,high school,standard,none,76,94,90
Female,Group B,high school,standard,completed,31,9,78
Female,Group D,associate's degree,free/reduced,none,61,36,88
Male,Group D,associate's degree,free/reduced,none,90,6,78
Female,Group A,high school,standard,completed,97,31,82
Female,Group A,associate's degree,standard,completed,44,10,49
Female,Group E,high school,standard,completed,48,47,74
Female,Group B,master's degree,free/reduced,completed,32,91,40
Female,Group D,bachelor's degree,free/reduced,completed,3,67,32
Female,Group C,high school,standard,completed,17,47,86
Female,Group A,high school,standard,none,69,44,11
Female,Group C,high school,free/reduced,none,63,94,1
Male,Group D,associate's degree,free/reduced,completed,27,92,20
Female,Group A,associate's degree,standard,completed,57,32,13
Female,Group D,associate's degree,standard,completed,90,3,33
Female,Group A,associate's degree,standard,none,89,46,78
Male,Group D,master's degree,free/reduced,none,55,89,84
Female,Group C,high school,standard,none,19,52,63
Male,Group B,master's degree,standard,none,76,30,22
Female,Group A,associate's degree,standard,completed,91,30,84
Male,Group C,master's degree,free/reduced,none,33,26,49
Male,Group D,high school,free/reduced,none,86,88,13
Male,Group C,high school,free/reduced,none,9,47,84
Female,Group A,associate's degree,standard,completed,93,35,75
Female,Group C,high school,free/reduced,none,21,48,45
Male,Group D,master's degree,free/reduced,completed,4,30,4
Female,Group E,some college,free/reduced,none,43,100,65
Male,Group B,high school,free/reduced,none,8,43,21
Female,Group B,master's degree,free/reduced,none,42,58,69
Female,Group E,master's degree,standard,completed,3,22,1
Male,Group A,master's degree,standard,none,41,98,28
Male,Group C,high school,standard,none,64,67,60
Female,Group C,some college,standard,completed,97,91,99
Male,Group E,associate's degree,standard,none,40,41,70
Male,Group E,associate's degree,free/reduced,none,63,41,15
Female,Group D,high school,free/reduced,none,54,12,63
Male,Group D,high school,standard,none,89,0,96
Female,Group B,bachelor's degree,free/reduced,none,17,75,96
Female,Group A,some college,standard,completed,15,52,13
Male,Group A,master's degree,standard,none,86,39,42
Male,Group E,master's degree,free/reduced,none,45,89,75
Male,Group B,associate's degree,standard,completed,35,45,42
Female,Group B,high school,free/reduced,completed,89,86,69
Male,Group D,some college,standard,none,65,21,54
Female,Group C,associate's degree,free/reduced,none,43,51,75
Male,Group A,some college,free/reduced,none,4,27,30
Male,Group B,high school,free/reduced,completed,28,52,75
Female,Group D,master's degree,free/reduced,none,3,62,73
Male,Group D,bachelor's degree,free/reduced,completed,98,16,39
Male,Group D,some college,free/reduced,completed,85,63,26
Female,Group C,master's degree,standard,completed,48,5,51
Male,Group B,some college,standard,none,71,13,6
Male,Group E,some college,free/reduced,none,84,16,45
Female,Group E,some college,free/reduced,none,7,37,99
Male,Group D,high school,standard,completed,51,68,32
Male,Group D,associate's degree,standard,none,68,12,90
Female,Group C,some college,standard,none,20,52,7
Male,Group D,high school,standard,completed,26,8,4
Male,Group B,bachelor's degree,standard,completed,37,43,60
Male,Group D,associate's degree,free/reduced,completed,4,25,71
Female,Group D,high school,standard,completed,84,76,59
Male,Group B,bachelor's degree,standard,completed,60,18,84
Female,Group A,associate's degree,standard,none,7,47,23
Male,Group E,high school,free/reduced,completed,85,80,6
Male,Group D,bachelor's degree,standard,none,17,79,60
Male,Group B,high school,standard,completed,3,29,82
Male,Group E,bachelor's degree,free/reduced,none,3,31,94
Male,Group C,some college,free/reduced,none,36,77,35
Male,Group A,some college,standard,completed,14,78,26
Male,Group D,associate's degree,free/reduced,completed,37,75,28
Male,Group A,bachelor's degree,standard,none,26,100,86
Male,Group D,some college,standard,completed,84,74,19
Female,Group D,associate's degree,free/reduced,completed,47,68,69
Male,Group D,master's degree,standard,completed,45,10,75
Female,Group A,some college,free/reduced,completed,45,97,75
Female,Group C,some college,free/reduced,completed,47,82,2
Male,Group B,high school,free/reduced,completed,58,25,38
Female,Group B,master's degree,free/reduced,completed,3,25,98
Female,Group C,bachelor's degree,standard,completed,74,16,82
Female,Group C,associate's degree,standard,none,18,94,44
Female,Group D,master's degree,standard,none,56,82,67
Male,Group D,bachelor's degree,free/reduced,completed,18,43,30
Female,Group B,some college,standard,completed,90,83,37
Male,Group D,associate's degree,free/reduced,none,41,22,96
Female,Group D,associate's degree,standard,completed,91,24,5
Female,Group C,master's degree,free/reduced,completed,4,91,7
Female,Group A,high school,standard,completed,47,36,27
Male,Group E,bachelor's degree,standard,completed,24,75,14
Male,Group E,master's degree,free/reduced,none,66,64,94
Male,Group D,high school,standard,completed,25,1,7
Male,Group D,high school,free/reduced,none,73,73,53
Female,Group E,high school,free/reduced,completed,87,97,5
Male,Group C,associate's degree,standard,none,61,31,28
Female,Group E,bachelor's degree,standard,none,92,88,33
Male,Group E,bachelor's degree,standard,none,6,73,6
Female,Group E,master's degree,free/reduced,completed,43,54,39
Female,Group D,some college,free/reduced,completed,86,49,73
Male,Group D,master's degree,free/reduced,completed,26,64,12
Female,Group E,bachelor's degree,free/reduced,none,41,31,61
Female,Group D,associate's degree,free/reduced,completed,72,36,85
Female,Group E,master's degree,free/reduced,completed,55,75,84
Female,Group C,some college,free/reduced,none,2,81,64
Female,Group D,master's degree,free/reduced,completed,12,93,40
Male,Group A,high school,free/reduced,none,69,12,41
Male,Group D,some college,standard,completed,58,53,65
Female,Group C,high school,free/reduced,none,37,2,92
Female,Group C,associate's degree,free/reduced,none,84,84,10
Male,Group D,bachelor's degree,standard,none,82,41,100
Male,Group B,master's degree,standard,none,88,77,49
Male,Group E,master's degree,free/reduced,none,67,39,70
Female,Group E,high school,standard,none,85,73,34
Female,Group C,high school,standard,none,68,65,93
Male,Group D,bachelor's degree,free/reduced,completed,0,59,79
Male,Group B,master's degree,free/reduced,none,49,100,78
Male,Group A,bachelor's degree,standard,completed,80,10,19
Female,Group E,high school,free/reduced,completed,72,0,27
Female,Group B,high school,standard,completed,8,25,36
Female,Group E,some college,free/reduced,none,52,41,2
Male,Group D,high school,free/reduced,completed,87,61,92
Female,Group E,high school,standard,none,9,60,58
Male,Group A,bachelor's degree,standard,completed,83,76,100
Male,Group D,some college,standard,none,80,91,72
Male,Group C,some college,standard,none,76,99,26
Female,Group B,master's degree,standard,completed,28,84,31
Female,Group E,associate's degree,free/reduced,none,35,61,47
Female,Group D,master's degree,free/reduced,completed,86,73,45
Female,Group D,master's degree,standard,none,26,11,94
Female,Group E,master's degree,standard,none,17,26,46
Female,Group C,some college,standard,completed,17,66,89
Male,Group E,bachelor's degree,free/reduced,none,8,27,39
Male,Group C,high school,free/reduced,completed,66,65,2
Female,Group E,some college,standard,completed,6,27,74
Female,Group D,high school,free/reduced,completed,57,94,28
Female,Group A,high school,free/reduced,none,78,20,90
Male,Group A,associate's degree,standard,completed,29,6,57
Female,Group D,master's degree,standard,completed,72,94,49
Male,Group A,associate's degree,free/reduced,completed,60,13,9
Female,Group C,master's degree,free/reduced,completed,90,38,60
Male,Group D,some college,free/reduced,none,99,72,98
Male,Group C,high school,free/reduced,none,81,86,60
Female,Group D,associate's degree,free/reduced,completed,94,61,22
Male,Group C,some college,standard,completed,16,11,5
Male,Group C,some college,free/reduced,completed,52,92,74
Male,Group A,master's degree,standard,completed,5,37,59
Male,Group D,high school,standard,completed,38,57,26
Female,Group E,master's degree,free/reduced,completed,24,55,54
Male,Group A,master's degree,standard,none,41,38,30
Male,Group C,some college,free/reduced,completed,41,85,29
Male,Group C,master's degree,standard,completed,58,3,66
Female,Group E,bachelor's degree,free/reduced,completed,37,47,12
Female,Group E,high school,standard,completed,30,6,58
Male,Group C,master's degree,free/reduced,completed,28,59,53
Female,Group E,master's degree,free/reduced,completed,8,39,20
Female,Group B,associate's degree,standard,none,0,7,42
Female,Group A,high school,standard,none,79,57,10
Female,Group D,high school,standard,completed,86,56,66
Female,Group E,master's degree,free/reduced,none,71,34,37
Female,Group E,bachelor's degree,standard,completed,46,72,94
Female,Group B,associate's degree,standard,none,75,12,23
Male,Group D,bachelor's degree,free/reduced,completed,9,38,50
Male,Group B,master's degree,free/reduced,completed,15,83,75
Male,Group D,high school,standard,completed,46,20,60
Female,Group A,high school,standard,none,42,46,45
Male,Group E,bachelor's degree,free/reduced,none,23,82,42
Female,Group A,some college,free/reduced,completed,7,1,26
Female,Group D,master's degree,free/reduced,completed,74,43,84
Male,Group E,high school,standard,none,25,29,88
Male,Group B,some college,standard,completed,6,86,29
Male,Group C,high school,free/reduced,completed,78,54,93
Male,Group B,high school,free/reduced,completed,14,39,62
Female,Group C,some college,free/reduced,none,47,76,9
Male,Group B,bachelor's degree,standard,none,2,96,2
Male,Group D,master's degree,standard,completed,15,95,76
Female,Group A,some college,standard,completed,78,91,59
Female,Group C,some college,standard,none,88,23,26
Female,Group D,high school,free/reduced,completed,96,41,81
Female,Group A,some college,free/reduced,completed,13,27,44
Female,Group A,master's degree,standard,completed,87,93,61
Male,Group E,bachelor's degree,free/reduced,completed,74,92,23
Male,Group E,bachelor's degree,free/reduced,none,2,97,45
Female,Group E,bachelor's degree,standard,completed,72,50,77
Male,Group C,master's degree,free/reduced,completed,69,21,43
Female,Group C,high school,standard,completed,30,88,62
Male,Group A,master's degree,standard,none,79,77,3
Male,Group C,some college,standard,none,74,73,15
Male,Group A,associate's degree,free/reduced,none,16,73,50
Male,Group D,associate's degree,standard,completed,48,7,73
Male,Group B,associate's degree,free/reduced,completed,2,13,100
Female,Group A,bachelor's degree,free/reduced,completed,82,44,90
Male,Group A,master's degree,standard,none,87,37,47
Male,Group D,master's degree,standard,none,54,31,64
Male,Group E,bachelor's degree,standard,completed,71,61,68
Male,Group E,some college,standard,completed,99,95,76
Female,Group E,associate's degree,standard,none,39,66,44
Female,Group A,associate's degree,free/reduced,completed,65,83,2
Female,Group A,bachelor's degree,free/reduced,completed,86,60,16
Male,Group C,associate's degree,free/reduced,completed,39,12,82
Female,Group C,high school,standard,none,29,86,36
Female,Group B,master's degree,standard,completed,24,82,4
Female,Group B,associate's degree,free/reduced,none,6,79,46
Female,Group C,associate's degree,standard,completed,91,99,43
Male,Group A,high school,free/reduced,none,49,98,87
Male,Group D,some college,free/reduced,none,80,46,32
Male,Group C,some college,free/reduced,none,95,53,20
Male,Group A,high school,standard,completed,0,70,66
Female,Group C,some college,standard,completed,90,51,67
Male,Group E,bachelor's degree,free/reduced,completed,43,100,31
Male,Group C,high school,standard,none,99,71,23
Male,Group E,master's degree,standard,none,48,24,34
Female,Group A,master's degree,standard,completed,6,22,17
Female,Group E,master's degree,free/reduced,none,2,73,66
Female,Group C,associate's degree,free/reduced,none,93,29,53
Male,Group E,high school,free/reduced,completed,0,96,25
Male,Group D,high school,free/reduced,none,50,10,59
Male,Group E,some college,free/reduced,completed,97,34,87
Male,Group E,high school,standard,completed,37,26,64
Female,Group B,high school,free/reduced,none,42,66,50
Male,Group D,some college,standard,completed,54,46,97
Female,Group A,high school,free/reduced,none,56,49,59
Female,Group E,high school,standard,completed,52,7,58
Male,Group D,bachelor's degree,standard,completed,99,54,75
Female,Group A,some college,free/reduced,completed,32,76,16
Male,Group D,bachelor's degree,standard,completed,79,41,84
Male,Group B,associate's degree,standard,completed,61,66,20
Male,Group A,some college,standard,completed,10,19,66
Male,Group A,high school,standard,completed,71,44,27
Female,Group E,high school,standard,none,51,34,88
Female,Group C,bachelor's degree,standard,completed,0,76,43
Male,Group A,bachelor's degree,free/reduced,completed,13,19,69
Female,Group A,associate's degree,standard,none,93,23,61
Female,Group B,associate's degree,free/reduced,none,84,56,41
Female,Group B,high school,standard,completed,20,54,93
Male,Group B,master's degree,standard,none,33,8,95
Male,Group E,associate's degree,standard,completed,89,93,21
Male,Group A,high school,standard,completed,13,88,37
Female,Group B,associate's degree,standard,none,39,15,13
Male,Group B,some college,standard,none,34,54,97
Male,Group D,bachelor's degree,standard,completed,41,71,25
Male,Group D,high school,standard,none,81,57,39
Male,Group B,associate's degree,free/reduced,completed,19,63,53
Male,Group E,bachelor's degree,free/reduced,completed,59,91,12
Male,Group C,master's degree,free/reduced,none,8,75,93
Female,Group D,associate's degree,free/reduced,completed,32,87,18
Male,Group D,high school,standard,none,48,48,41
Female,Group A,some college,standard,none,67,28,40
Male,Group A,bachelor's degree,standard,none,3,78,49
Female,Group B,bachelor's degree,free/reduced,completed,47,81,2
Female,Group A,some college,free/reduced,completed,15,6,30
Female,Group A,high school,free/reduced,completed,46,76,75
Male,Group C,master's degree,standard,none,25,82,14
Male,Group E,some college,standard,completed,69,68,53
Female,Group B,master's degree,free/reduced,none,36,89,52
Female,Group C,high school,standard,none,21,1,44
Male,Group B,associate's degree,standard,completed,6,32,37
Male,Group E,associate's degree,standard,none,41,47,77
Male,Group B,high school,free/reduced,completed,29,36,98
Female,Group A,master's degree,standard,none,73,88,79
Female,Group E,some college,free/reduced,completed,78,88,49
Female,Group C,high school,free/reduced,none,5,29,23
Female,Group C,high school,standard,none,23,40,16
Female,Group D,associate's degree,standard,completed,65,3,17
Male,Group C,some college,standard,completed,39,82,41
Female,Group D,associate's degree,free/reduced,completed,14,90,16
Female,Group A,master's degree,free/reduced,completed,52,38,15
Male,Group C,master's degree,standard,completed,84,23,84
Male,Group E,bachelor's degree,standard,none,81,49,87
Male,Group D,high school,free/reduced,none,4,36,97
Female,Group C,some college,free/reduced,completed,88,52,51
Male,Group A,some college,free/reduced,completed,35,24,35
Female,Group E,associate's degree,free/reduced,none,73,92,90
Male,Group E,associate's degree,free/reduced,none,45,30,38
Female,Group A,some college,standard,completed,22,98,80
Female,Group C,associate's degree,free/reduced,completed,87,91,24
Male,Group B,bachelor's degree,free/reduced,completed,44,37,41
Female,Group C,high school,standard,none,9,57,20
Male,Group D,bachelor's degree,free/reduced,none,53,52,67
Female,Group D,master's degree,free/reduced,none,69,49,88
Female,Group C,some college,standard,none,76,3,58
Female,Group D,bachelor's degree,free/reduced,completed,84,91,29
Male,Group B,bachelor's degree,standard,completed,31,51,56
Female,Group B,associate's degree,free/reduced,completed,42,30,32
Male,Group E,associate's degree,free/reduced,none,14,86,89
Female,Group D,associate's degree,standard,none,65,77,88
Female,Group C,master's degree,free/reduced,completed,14,91,52
Male,Group E,bachelor's degree,free/reduced,completed,80,13,15
Male,Group B,high school,standard,none,19,0,48
Female,Group E,associate's degree,free/reduced,completed,49,42,87
Female,Group A,master's degree,free/reduced,completed,5,95,4
Female,Group D,master's degree,free/reduced,none,78,58,76
Female,Group C,associate's degree,free/reduced,completed,16,60,93
Female,Group B,some college,free/reduced,none,25,40,59
Female,Group E,bachelor's degree,standard,completed,21,17,70
Male,Group C,associate's degree,free/reduced,completed,72,59,80
Female,Group D,high school,free/reduced,completed,63,68,54
Male,Group C,bachelor's degree,standard,none,75,78,90
Female,Group D,master's degree,standard,none,85,58,34
Female,Group D,high school,standard,none,57,41,68
Male,Group D,bachelor's degree,standard,none,86,79,41
Female,Group E,high school,free/reduced,completed,36,99,68
Female,Group D,master's degree,free/reduced,none,77,35,23
Male,Group C,associate's degree,free/reduced,completed,87,39,70
Female,Group A,high school,free/reduced,completed,71,29,70
Male,Group C,associate's degree,free/reduced,completed,89,86,54
Female,Group E,master's degree,free/reduced,completed,95,10,13
Female,Group D,master's degree,free/reduced,completed,27,24,54
Male,Group A,high school,standard,completed,95,44,14
Male,Group E,high school,free/reduced,completed,85,50,4
Female,Group B,master's degree,standard,none,48,42,100
Male,Group B,high school,standard,completed,72,65,3
Male,Group B,high school,standard,none,66,98,29
Male,Group A,high school,free/reduced,completed,88,46,83
Female,Group C,high school,free/reduced,none,75,23,52
Male,Group A,bachelor's degree,standard,completed,92,76,89
Male,Group A,master's degree,free/reduced,none,66,36,72
Male,Group A,master's degree,free/reduced,completed,40,55,29
Male,Group B,some college,standard,none,45,93,85
Male,Group C,associate's degree,standard,none,86,74,93
Female,Group A,some college,free/reduced,none,86,86,83
Female,Group C,high school,standard,completed,54,45,91
Female,Group D,high school,standard,completed,81,27,60
Female,Group A,bachelor's degree,standard,none,10,92,70
Female,Group A,bachelor's degree,free/reduced,none,99,51,67
Male,Group A,bachelor's degree,free/reduced,completed,25,14,91
Male,Group D,bachelor's degree,standard,completed,71,44,54
Female,Group D,bachelor's degree,standard,completed,91,57,98
Male,Group B,bachelor's degree,free/reduced,completed,81,66,96
Male,Group E,bachelor's degree,free/reduced,completed,12,72,70
Male,Group C,bachelor's degree,free/reduced,none,35,71,72
Female,Group E,bachelor's degree,free/reduced,none,63,96,97
Male,Group A,master's degree,free/reduced,none,50,97,41
Male,Group A,bachelor's degree,free/reduced,none,75,72,97
Female,Group B,associate's degree,standard,completed,21,80,76
Female,Group E,bachelor's degree,standard,completed,59,40,28
Male,Group A,high school,standard,none,1,64,34
Male,Group E,high school,free/reduced,completed,55,39,44
Female,Group B,bachelor's degree,standard,completed,39,4,73
Female,Group E,bachelor's degree,standard,none,27,93,93
Male,Group C,high school,standard,none,76,74,89
Male,Group B,associate's degree,standard,completed,96,27,98
Female,Group E,some college,standard,none,2,37,91
Male,Group A,master's degree,standard,completed,62,80,28
Female,Group D,high school,standard,none,97,86,69
Female,Group D,bachelor's degree,free/reduced,completed,22,17,2
Female,Group B,master's degree,standard,none,54,36,92
Male,Group D,bachelor's degree,standard,completed,31,26,56
Male,Group C,some college,free/reduced,completed,83,24,65
Female,Group B,some college,standard,completed,27,68,21
Female,Group A,high school,free/reduced,none,7,82,26
Female,Group A,master's degree,standard,completed,2,26,21
Female,Group B,master's degree,free/reduced,completed,93,76,73
Male,Group D,some college,standard,none,88,53,48
Female,Group D,bachelor's degree,standard,none,52,6,82
Female,Group A,high school,standard,completed,93,89,23
Female,Group C,associate's degree,standard,completed,28,77,26
Male,Group D,some college,standard,none,93,26,35
Female,Group C,some college,free/reduced,none,97,58,16
Female,Group D,high school,standard,completed,88,71,55
Female,Group B,bachelor's degree,free/reduced,completed,80,30,9
Female,Group E,master's degree,standard,none,58,98,53
Female,Group A,some college,standard,completed,23,90,80
Male,Group B,high school,standard,completed,37,67,73
Male,Group D,high school,free/reduced,completed,27,3,73
Male,Group A,high school,free/reduced,none,96,17,37
Female,Group E,master's degree,free/reduced,none,61,62,80
Female,Group E,some college,free/reduced,completed,99,86,89
Male,Group D,high school,free/reduced,completed,50,95,89
Female,Group A,master's degree,standard,completed,6,75,97
Male,Group D,bachelor's degree,standard,none,22,51,3
Female,Group E,associate's degree,free/reduced,completed,45,83,49
Male,Group B,some college,free/reduced,none,89,62,90
Male,Group B,master's degree,standard,completed,77,44,60
Female,Group C,associate's degree,standard,none,27,11,20
Female,Group E,associate's degree,free/reduced,completed,23,7,35
Male,Group E,master's degree,free/reduced,none,6,21,45
Male,Group D,master's degree,standard,none,99,90,94
Female,Group C,master's degree,free/reduced,completed,78,40,70
Male,Group C,high school,standard,none,48,40,43
Female,Group A,bachelor's degree,free/reduced,completed,2,80,63
Male,Group D,high school,free/reduced,none,1,56,97
Female,Group B,associate's degree,standard,completed,6,31,17
Female,Group A,associate's degree,standard,none,79,96,87
Female,Group C,associate's degree,free/reduced,none,20,94,12
Male,Group B,master's degree,standard,completed,8,54,12
Female,Group E,some college,free/reduced,none,11,5,24
Female,Group D,high school,free/reduced,completed,92,38,4
Female,Group C,some college,standard,completed,23,8,38
Male,Group E,bachelor's degree,standard,completed,32,31,28
Female,Group C,bachelor's degree,standard,none,77,35,56
Female,Group B,high school,free/reduced,none,42,15,45
Female,Group A,associate's degree,standard,none,81,11,32
Female,Group B,bachelor's degree,standard,completed,4,40,87
Female,Group D,some college,standard,completed,78,66,9
Male,Group D,some college,free/reduced,none,70,57,57
Female,Group C,master's degree,standard,completed,88,90,24
Female,Group B,associate's degree,standard,none,13,90,73
Male,Group A,master's degree,standard,none,35,8,38
Male,Group D,high school,standard,completed,34,16,15
Male,Group A,bachelor's degree,free/reduced,completed,49,4,59
Male,Group E,master's degree,free/reduced,completed,87,25,27
Female,Group C,master's degree,free/reduced,completed,78,84,75
Male,Group A,high school,free/reduced,none,10,0,43
Female,Group C,some college,standard,completed,23,0,57
Male,Group E,some college,free/reduced,completed,74,34,31
Male,Group A,high school,standard,completed,43,8,62
Female,Group A,some college,free/reduced,none,50,86,92
Male,Group E,high school,standard,completed,16,37,44
Male,Group B,some college,standard,completed,69,3,52
Female,Group A,high school,standard,none,84,51,60
Male,Group A,some college,free/reduced,none,7,18,49
Male,Group D,master's degree,free/reduced,none,78,100,26
Male,Group B,master's degree,free/reduced,completed,95,4,25
Female,Group A,some college,standard,none,73,91,2
Female,Group E,high school,free/reduced,none,27,47,89
Female,Group C,master's degree,standard,completed,78,86,38
Female,Group E,bachelor's degree,free/reduced,completed,11,62,64
Female,Group B,some college,free/reduced,none,42,37,34
Male,Group D,bachelor's degree,free/reduced,completed,81,51,52
Female,Group D,bachelor's degree,free/reduced,completed,36,86,90
Male,Group D,associate's degree,free/reduced,none,87,45,45
Female,Group E,bachelor's degree,standard,completed,62,81,67
Male,Group C,bachelor's degree,free/reduced,completed,100,92,82
Female,Group C,associate's degree,free/reduced,none,92,91,21
Female,Group A,associate's degree,free/reduced,none,62,8,59
Male,Group C,associate's degree,standard,completed,9,49,5
Male,Group C,high school,free/reduced,none,77,73,51
Male,Group A,associate's degree,free/reduced,none,79,65,72
Male,Group E,high school,standard,completed,36,76,74
Female,Group E,some college,free/reduced,completed,10,37,85
Male,Group B,high school,standard,completed,89,26,72
Male,Group E,some college,standard,none,18,19,28
Female,Group D,associate's degree,free/reduced,none,51,61,42
Male,Group D,associate's degree,standard,completed,17,73,73
Male,Group B,some college,free/reduced,completed,93,15,33
Male,Group C,master's degree,standard,completed,31,78,30
Female,Group B,high school,free/reduced,completed,22,12,85
Male,Group A,bachelor's degree,standard,none,11,19,45
Female,Group B,associate's degree,standard,none,57,23,3
Male,Group B,high school,standard,none,76,49,1
Female,Group D,high school,free/reduced,none,20,6,4
Female,Group A,associate's degree,standard,none,20,86,45
Male,Group A,some college,free/reduced,none,92,87,78
Male,Group B,associate's degree,free/reduced,completed,92,28,18
Male,Group A,high school,standard,none,90,4,37
Male,Group A,master's degree,free/reduced,none,28,34,58
Male,Group E,some college,free/reduced,none,78,64,78
Male,Group A,associate's degree,standard,none,46,99,71
Female,Group C,bachelor's degree,free/reduced,completed,11,81,19
Female,Group A,associate's degree,free/reduced,completed,57,69,75
Male,Group D,high school,standard,none,40,86,67
Female,Group E,high school,standard,completed,18,73,52
Male,Group D,bachelor's degree,standard,completed,11,6,54
Male,Group D,some college,standard,completed,22,43,38
Female,Group C,high school,free/reduced,completed,4,71,35
Male,Group E,some college,free/reduced,none,25,12,57
Female,Group B,some college,free/reduced,none,62,93,14
Male,Group A,associate's degree,standard,none,51,81,0
Female,Group C,some college,free/reduced,none,9,77,94
Male,Group C,high school,standard,none,85,74,8
Female,Group B,high school,free/reduced,completed,38,37,22
Female,Group C,master's degree,standard,none,22,12,51
Male,Group B,some college,free/reduced,none,10,53,25
Male,Group B,master's degree,free/reduced,completed,91,43,59
Female,Group B,associate's degree,standard,completed,94,96,17
Male,Group C,master's degree,free/reduced,none,71,12,96
Male,Group B,some college,free/reduced,completed,47,24,77
Male,Group C,high school,free/reduced,none,91,23,57
Male,Group E,associate's degree,free/reduced,completed,15,28,64
Male,Group B,some college,standard,none,45,99,76
Male,Group C,associate's degree,free/reduced,none,46,69,78
Female,Group C,bachelor's degree,standard,none,94,17,100
Female,Group C,some college,standard,none,47,91,68
Male,Group A,bachelor's degree,standard,completed,79,4,13
Female,Group A,master's degree,free/reduced,none,68,17,77
Male,Group B,some college,standard,none,98,62,45
Female,Group E,bachelor's degree,standard,none,24,36,68
Male,Group B,high school,standard,none,76,70,74
Male,Group D,master's degree,free/reduced,completed,92,54,31
Male,Group D,some college,free/reduced,completed,90,72,50
Female,Group E,some college,standard,none,80,98,68
Male,Group E,high school,standard,none,36,11,99
Male,Group E,high school,free/reduced,completed,62,51,14
Female,Group A,bachelor's degree,standard,none,28,56,52
Female,Group A,bachelor's degree,free/reduced,none,57,45,70
Male,Group D,bachelor's degree,standard,completed,97,43,68
Female,Group E,associate's degree,free/reduced,completed,93,23,93
Female,Group C,master's degree,free/reduced,completed,30,8,14
Male,Group D,some college,free/reduced,none,85,11,29
Male,Group E,master's degree,standard,none,88,99,77
Male,Group C,high school,standard,none,67,100,23
Male,Group E,master's degree,free/reduced,none,98,8,87
Female,Group B,master's degree,free/reduced,completed,40,21,34
Male,Group C,bachelor's degree,standard,completed,49,16,68
Male,Group B,high school,free/reduced,completed,43,32,11
Male,Group A,master's degree,standard,completed,8,46,83
Female,Group D,some college,free/reduced,none,58,87,45
Male,Group E,bachelor's degree,free/reduced,none,89,14,68
Male,Group D,master's degree,standard,completed,90,92,35
Male,Group E,high school,standard,none,26,95,84
Female,Group B,some college,free/reduced,completed,81,32,47
Male,Group C,high school,standard,completed,93,92,66
Male,Group C,high school,free/reduced,none,58,14,92
Male,Group E,high school,standard,none,94,26,53
Male,Group B,associate's degree,free/reduced,none,2,97,88
Female,Group E,some college,standard,none,92,60,90
Female,Group E,high school,standard,none,6,67,35
Male,Group E,associate's degree,free/reduced,none,81,81,51
Female,Group C,bachelor's degree,free/reduced,none,15,84,21
Female,Group E,associate's degree,free/reduced,none,48,47,37
Male,Group C,bachelor's degree,free/reduced,completed,31,7,98
Male,Group A,associate's degree,free/reduced,completed,88,5,61
Female,Group B,high school,free/reduced,none,43,62,64
Male,Group A,associate's degree,standard,none,95,83,2
Male,Group E,associate's degree,free/reduced,completed,18,1,87
Male,Group C,high school,free/reduced,completed,2,21,7
Male,Group B,bachelor's degree,free/reduced,completed,59,20,38
Female,Group D,high school,free/reduced,completed,34,5,17
Male,Group B,some college,standard,none,28,95,2
Female,Group B,associate's degree,free/reduced,completed,74,69,17
Male,Group E,some college,free/reduced,completed,69,12,79
Male,Group A,high school,standard,completed,82,0,95
Female,Group A,high school,standard,completed,100,21,0
Female,Group D,master's degree,free/reduced,none,44,23,25
Female,Group E,some college,standard,completed,26,63,51
Female,Group B,master's degree,free/reduced,none,68,40,11
Male,Group A,some college,standard,none,89,93,37
Male,Group A,master's degree,standard,none,34,21,84
Female,Group C,master's degree,standard,none,18,60,40
Male,Group B,some college,standard,none,16,11,52
Male,Group E,high school,standard,completed,34,89,12
Male,Group A,bachelor's degree,free/reduced,none,76,3,75
Female,Group E,high school,free/reduced,completed,77,82,12
Female,Group B,bachelor's degree,standard,completed,29,79,17
Female,Group B,some college,standard,none,47,11,18
Female,Group A,associate's degree,standard,none,56,32,18
Female,Group D,high school,free/reduced,completed,16,20,69
Female,Group E,master's degree,free/reduced,none,100,99,47
Female,Group E,high school,free/reduced,none,14,72,70
Male,Group C,some college,standard,none,81,71,70
Male,Group B,associate's degree,free/reduced,completed,13,83,27
Female,Group B,associate's degree,standard,completed,13,73,91
Male,Group A,high school,standard,none,44,95,18
Male,Group A,high school,standard,none,96,91,79
Female,Group A,high school,standard,none,37,73,80
Male,Group C,some college,free/reduced,completed,62,71,85
Male,Group D,bachelor's degree,free/reduced,none,74,51,82
Female,Group A,bachelor's degree,standard,none,10,46,47
Female,Group A,master's degree,standard,none,47,96,28
Male,Group A,some college,standard,none,25,58,47
Female,Group C,associate's degree,standard,completed,66,46,18
Female,Group E,master's degree,standard,none,24,55,98
Male,Group D,associate's degree,standard,none,80,12,46
Female,Group E,associate's degree,free/reduced,completed,60,43,88
Male,Group B,high school,free/reduced,none,85,34,59
Female,Group B,associate's degree,free/reduced,none,92,28,47
Male,Group A,associate's degree,standard,completed,25,55,19
Female,Group E,some college,free/reduced,none,33,4,100
Male,Group C,high school,free/reduced,completed,89,66,18
Female,Group D,high school,free/reduced,none,8,52,41
Male,Group E,master's degree,free/reduced,none,39,100,76
Female,Group E,high school,free/reduced,none,74,59,75
Male,Group D,bachelor's degree,standard,completed,6,5,48
Female,Group E,some college,standard,none,29,47,14
Male,Group E,master's degree,standard,completed,65,79,59
Male,Group D,bachelor's degree,free/reduced,completed,29,34,67
Female,Group C,associate's degree,standard,completed,67,17,78
Female,Group D,bachelor's degree,free/reduced,completed,57,10,80
Male,Group A,master's degree,standard,completed,54,50,26
Female,Group A,high school,free/reduced,completed,13,22,74
Male,Group A,some college,free/reduced,none,76,46,54
Male,Group A,master's degree,standard,none,88,74,86
Male,Group B,bachelor's degree,standard,none,76,58,14
Male,Group C,bachelor's degree,free/reduced,none,76,56,51
Male,Group B,master's degree,free/reduced,completed,36,92,30
Male,Group E,master's degree,standard,none,43,55,89
Female,Group E,master's degree,standard,none,5,26,6
Male,Group D,high school,free/reduced,completed,25,72,12
Male,Group A,master's degree,standard,none,13,34,53
Male,Group D,associate's degree,standard,completed,7,54,12
Male,Group E,some college,standard,none,23,8,19
Male,Group A,some college,standard,none,85,17,97
Female,Group C,associate's degree,free/reduced,completed,38,43,9
Female,Group E,bachelor's degree,free/reduced,none,48,20,51
Male,Group D,bachelor's degree,free/reduced,none,84,55,36
Male,Group D,bachelor's degree,standard,none,62,47,51
Male,Group E,bachelor's degree,free/reduced,none,25,99,26
Female,Group B,high school,free/reduced,completed,9,0,33
Female,Group C,associate's degree,standard,none,76,26,99
Male,Group E,some college,standard,completed,57,44,61
Female,Group E,associate's degree,free/reduced,completed,13,62,15
Male,Group D,some college,free/reduced,none,72,57,58
Male,Group A,bachelor's degree,standard,completed,70,39,20
Female,Group A,high school,standard,none,38,62,15
Female,Group A,master's degree,standard,completed,30,37,80
Female,Group D,master's degree,standard,completed,49,28,78
Female,Group A,bachelor's degree,standard,completed,15,39,12
Female,Group E,bachelor's degree,free/reduced,completed,71,18,32
Male,Group B,associate's degree,free/reduced,none,50,87,53
Female,Group B,high school,free/reduced,none,14,55,68
Male,Group B,high school,free/reduced,none,88,43,26
Female,Group A,associate's degree,standard,none,37,64,51
Male,Group B,high school,standard,completed,78,99,64
Female,Group A,high school,free/reduced,none,88,86,43
Female,Group E,master's degree,standard,none,70,12,29
Male,Group E,high school,free/reduced,none,89,29,22
Female,Group D,bachelor's degree,free/reduced,completed,71,48,78
Male,Group D,master's degree,free/reduced,completed,81,100,99
Female,Group C,bachelor's degree,free/reduced,completed,20,74,82
Male,Group E,bachelor's degree,free/reduced,completed,15,62,93
Male,Group A,associate's degree,free/reduced,completed,66,70,15
Female,Group C,high school,standard,none,64,34,54
Female,Group E,high school,standard,completed,12,10,17
Female,Group A,high school,free/reduced,none,63,48,89
Female,Group E,high school,free/reduced,completed,60,39,16
Female,Group E,master's degree,free/reduced,completed,31,20,74
Male,Group A,some college,standard,completed,11,46,51
Female,Group E,bachelor's degree,standard,completed,94,2,44
Female,Group E,some college,standard,completed,40,29,55
Male,Group E,some college,free/reduced,completed,65,87,92
Male,Group D,some college,standard,none,7,66,53
Female,Group B,master's degree,free/reduced,completed,58,61,8
Male,Group E,some college,standard,completed,24,36,16
Female,Group A,master's degree,free/reduced,none,4,96,26
Male,Group E,associate's degree,free/reduced,completed,44,21,36
Male,Group D,associate's degree,free/reduced,completed,1,30,21
Male,Group D,associate's degree,standard,none,41,45,71
Female,Group E,master's degree,standard,none,37,75,66
Male,Group C,master's degree,standard,completed,2,44,37
Female,Group B,bachelor's degree,free/reduced,completed,45,13,98
Female,Group A,some college,free/reduced,completed,21,11,95
Female,Group A,high school,standard,completed,32,62,71
Male,Group A,high school,standard,completed,31,90,43
Female,Group A,some college,free/reduced,completed,16,76,90
Male,Group D,high school,free/reduced,none,81,87,95
Male,Group B,high school,standard,none,55,37,35
Female,Group E,high school,free/reduced,none,2,46,97
